-- phpMyAdmin SQL Dump
-- version 4.8.5
-- https://www.phpmyadmin.net/
--
-- Host: localhost
-- Generation Time: Dec 08, 2019 at 09:10 AM
-- Server version: 10.1.38-MariaDB
-- PHP Version: 7.3.3

SET SQL_MODE = "NO_AUTO_VALUE_ON_ZERO";
SET AUTOCOMMIT = 0;
START TRANSACTION;
SET time_zone = "+00:00";


/*!40101 SET @OLD_CHARACTER_SET_CLIENT=@@CHARACTER_SET_CLIENT */;
/*!40101 SET @OLD_CHARACTER_SET_RESULTS=@@CHARACTER_SET_RESULTS */;
/*!40101 SET @OLD_COLLATION_CONNECTION=@@COLLATION_CONNECTION */;
/*!40101 SET NAMES utf8mb4 */;

--
-- Database: `produk_hukum`
--

-- --------------------------------------------------------

--
-- Table structure for table `jenis_produk`
--

CREATE TABLE `jenis_produk` (
  `id` int(11) NOT NULL,
  `jenis` varchar(150) DEFAULT NULL,
  `kode_jenis` varchar(255) DEFAULT NULL,
  `createddate` date DEFAULT NULL,
  `createdby` int(11) DEFAULT NULL,
  `updateddate` datetime DEFAULT NULL,
  `updatedby` int(11) DEFAULT NULL,
  `deleted` int(11) DEFAULT '0'
) ENGINE=InnoDB DEFAULT CHARSET=latin1;

--
-- Dumping data for table `jenis_produk`
--

INSERT INTO `jenis_produk` (`id`, `jenis`, `kode_jenis`, `createddate`, `createdby`, `updateddate`, `updatedby`, `deleted`) VALUES
(1, 'Jenis A', 'JE001', '2019-11-21', 1, '2019-11-29 07:07:46', 1, 0),
(2, NULL, 'jenis_produk', '2019-12-08', 1, NULL, NULL, 0),
(3, NULL, 'KB', '2019-12-08', 1, NULL, NULL, 0),
(4, NULL, 'NK', '2019-12-08', 1, NULL, NULL, 0),
(5, NULL, 'KPTS-DPRD', '2019-12-08', 1, NULL, NULL, 0),
(6, NULL, 'KPTS-PIMP', '2019-12-08', 1, NULL, NULL, 0);

-- --------------------------------------------------------

--
-- Table structure for table `lemari`
--

CREATE TABLE `lemari` (
  `id` int(11) NOT NULL,
  `kode_lemari` varchar(150) DEFAULT NULL,
  `nama` varchar(255) DEFAULT NULL,
  `createddate` date DEFAULT NULL,
  `createdby` int(11) DEFAULT NULL,
  `updateddate` datetime DEFAULT NULL,
  `updatedby` int(11) DEFAULT NULL,
  `deleted` int(11) DEFAULT '0'
) ENGINE=InnoDB DEFAULT CHARSET=latin1;

--
-- Dumping data for table `lemari`
--

INSERT INTO `lemari` (`id`, `kode_lemari`, `nama`, `createddate`, `createdby`, `updateddate`, `updatedby`, `deleted`) VALUES
(1, 'L001', 'Lemari A', '2019-11-21', 1, NULL, NULL, 0),
(2, 'lemari', NULL, '2019-12-08', 1, NULL, NULL, 0),
(3, 'L002', NULL, '2019-12-08', 1, NULL, NULL, 0);

-- --------------------------------------------------------

--
-- Table structure for table `nomor_file`
--

CREATE TABLE `nomor_file` (
  `id` int(11) NOT NULL,
  `nomor_file` varchar(150) DEFAULT NULL,
  `createddate` date DEFAULT NULL,
  `createdby` int(11) DEFAULT NULL,
  `updateddate` datetime DEFAULT NULL,
  `updatedby` int(11) DEFAULT NULL,
  `deleted` int(11) DEFAULT '0'
) ENGINE=InnoDB DEFAULT CHARSET=latin1;

--
-- Dumping data for table `nomor_file`
--

INSERT INTO `nomor_file` (`id`, `nomor_file`, `createddate`, `createdby`, `updateddate`, `updatedby`, `deleted`) VALUES
(1, 'File 001', '2019-11-21', 1, NULL, NULL, 0);

-- --------------------------------------------------------

--
-- Table structure for table `penomoran_arsip`
--

CREATE TABLE `penomoran_arsip` (
  `id` int(11) NOT NULL,
  `nomor` varchar(150) DEFAULT NULL,
  `produk` int(11) NOT NULL,
  `ruang` int(11) NOT NULL,
  `lemari` int(11) NOT NULL,
  `nomor_file` int(11) NOT NULL,
  `createdby` int(11) DEFAULT NULL,
  `createddate` date DEFAULT NULL,
  `updateddate` datetime DEFAULT NULL,
  `updatedby` int(11) DEFAULT NULL,
  `deleted` int(11) DEFAULT '0'
) ENGINE=InnoDB DEFAULT CHARSET=latin1;

--
-- Dumping data for table `penomoran_arsip`
--

INSERT INTO `penomoran_arsip` (`id`, `nomor`, `produk`, `ruang`, `lemari`, `nomor_file`, `createdby`, `createddate`, `updateddate`, `updatedby`, `deleted`) VALUES
(1, 'ARSIP19NOV001', 1, 1, 1, 1, 1, '2019-11-21', NULL, NULL, 0);

-- --------------------------------------------------------

--
-- Table structure for table `priveledge`
--

CREATE TABLE `priveledge` (
  `id` int(11) NOT NULL,
  `hak_akses` varchar(150) DEFAULT NULL
) ENGINE=InnoDB DEFAULT CHARSET=latin1;

--
-- Dumping data for table `priveledge`
--

INSERT INTO `priveledge` (`id`, `hak_akses`) VALUES
(1, 'superadmin'),
(2, 'admin');

-- --------------------------------------------------------

--
-- Table structure for table `produk`
--

CREATE TABLE `produk` (
  `id` int(11) NOT NULL,
  `no_arsip` varchar(255) DEFAULT NULL,
  `no_produk` varchar(255) DEFAULT NULL,
  `lemari` int(11) DEFAULT NULL,
  `ruang` int(11) DEFAULT NULL,
  `rak` int(11) DEFAULT NULL,
  `jenis_produk` int(11) NOT NULL,
  `tgl_penetapan` date DEFAULT NULL,
  `judul` varchar(255) DEFAULT NULL,
  `menimbang` varchar(255) DEFAULT NULL,
  `mengingat` varchar(255) DEFAULT NULL,
  `memperhatikan` varchar(255) DEFAULT NULL,
  `menetapkan` varchar(255) DEFAULT NULL,
  `tahun` int(11) NOT NULL,
  `status` int(11) NOT NULL,
  `file` text,
  `keterangan` varchar(255) DEFAULT NULL,
  `createddate` date DEFAULT NULL,
  `createdby` int(11) DEFAULT NULL,
  `updateddate` datetime DEFAULT NULL,
  `updatedby` int(11) DEFAULT NULL,
  `deleted` int(11) DEFAULT '0'
) ENGINE=InnoDB DEFAULT CHARSET=latin1;

--
-- Dumping data for table `produk`
--

INSERT INTO `produk` (`id`, `no_arsip`, `no_produk`, `lemari`, `ruang`, `rak`, `jenis_produk`, `tgl_penetapan`, `judul`, `menimbang`, `mengingat`, `memperhatikan`, `menetapkan`, `tahun`, `status`, `file`, `keterangan`, `createddate`, `createdby`, `updateddate`, `updatedby`, `deleted`) VALUES
(1, 'RU001/L001-10/Jenis A/120/2020', '120', 1, 1, 10, 1, '2019-11-20', 'Coba', '', '', '', '', 5, 1, 'Invoice-10987.pdf', '<p>-</p>', '2019-11-21', 1, '2019-11-25 09:52:02', 1, 0),
(2, 'RU001/L001-RAK001/Jenis A/10/2018', '10', 1, 1, 1, 1, '2019-11-25', '<p>Produk Conroh B</p>', '<p>-</p>', '<p>-</p>', '', '<p>-</p>', 3, 1, 'Invoice-10987.pdf', '<p>-</p>', '2019-11-25', 1, '2019-11-27 21:18:50', 1, 0),
(3, 'RU001/L001-RAK001/JE001/1200/2017', '1200', 1, 1, 1, 1, '2019-12-31', 'asdkajshdkjahsdsjlkhdfkjshdfkahfkafslakhfsladhfl;afhlsahfdjslhfjshdfjsahdfksajhdfksjhfklasdhfskahfklsahfkslhfksadhflasf', '<p>asdadaSDaDAS\"Dl</p>\n<p>as;A&lt;Sd\'A:LD</p>\n<p>aD</p>', '<p>asdadaSDaDAS\"Dl</p>\n<p>as;A&lt;Sd\'A:LD</p>\n<p>aD</p>', '<p>asdadaSDaDAS\"Dl</p>\n<p>as;A&lt;Sd\'A:LD</p>\n<p>aD</p>', '<p>asdadaSDaDAS\"Dl</p>\n<p>as;A&lt;Sd\'A:LD</p>\n<p>aD</p>', 2, 1, NULL, NULL, '2019-12-03', 1, NULL, NULL, 0),
(4, 'no_arsip', 'no_produk', 2, 2, 2, 2, '0000-00-00', 'judul', 'menimbang', 'mengingat', 'memperhatikan', 'menetapkan', 8, 2, 'file', NULL, '2019-12-08', 1, NULL, NULL, 0),
(5, 'RPH/L002-001/KB/1/2018', '1', 3, 3, 3, 3, '2018-07-13', 'Persetujuan Bersama Penetapan Raperda Perseroan Terbatas (PT) Petrogas Jatim Utama', 'Pengajuan Raperda Prov Jatim tentang perubahan ketiga atas Perda No. 1 Tahun 2006; Pasal 56 Perda No. 1 Tahun 2015.', 'UU 2 Th. 1950; UU 22 Th. 2001; UU 27 Th. 2003; UU 30 Th. 2007; UU 40 Th. 2007; UU 4 Th. 2009; UU 30 Th. 2009; UU 12 Th. 2011; UU 23 Th. 2014; UU 32 Th. 2014; PP 26 Th. 1998; PP 35 Th. 2004;  PP 36 Th. 2004; PP 38 Th. 2007;  PP 16 Th. 2010; PERMENDAGRI 3 T', 'Keputusan DPRD Prov Jawa Timur Nomor 188/21/KPTS-DPRD/050/2017', '1. Menyetujui RAPERDA Prov Jawa Timur tentang Perubahan Ketiga Atas Peraturan Daerah Provinsi Jawa Timur Nomor 1 Tahun 2006 Tentang Perseroan Terbatas (PT) Petrogas Jatim Utama; 2. Keputusan Bersama ini mulai berlaku pada tanggal di tetapkan', 3, 1, '1. KB_1_persetujuan bersama penetapan raperda perseroan terbatas (PT) Petrogas jatim utama.pdf', NULL, '2019-12-08', 1, NULL, NULL, 0),
(6, 'RPH/L002-001/KB/2/2018', '2', 3, 3, 3, 3, '2018-07-16', 'Persetujuan Bersama Penetapan Raperda Tentang Perubahan Perda No 11 Thn 2016', 'Pengajuan Raperda Prov Jatim tentang Perubahan atas Perda No. 11 Tahun 2016; Pasal 56 Perda No. 1 Tahun 2015.', 'UU 2 Tahun 1950; UU 12 Tahun 2011; UU 5 Tahun 2014; UU 23 Tahun 2014; PP 16 Tahun 2010; PP 18 Tahun 2016; PerPres 87 Tahun 2014; Permendagri 80 Tahun 2015; Peraturan DPRD 1 Tahun 2015; Peraturan DPRD 11 Tahun 2016; Peraturan DPRD 1 Tahun 2014', 'Keputusan DPRD Prov Jawa Timur Nomor 188/27/KPTS-DPRD/050/2017', '1. Menyetujui RAPERDA Prov Jawa Timur tentang Pembentukan dan Susunan Perangkat Daerah Provinsi Jawa Timur; 2. Keputusan Bersama ini berlaku pada tanggal ditetapkan.', 3, 1, '2. KB_2_persetujuan bersama penetapan raperda ttg perubahan perda no 11 thn 2016.pdf', NULL, '2019-12-08', 1, NULL, NULL, 0),
(7, 'RPH/L002-001/KB/3/2018', '3', 3, 3, 3, 3, '2018-07-16', 'Persetujuan Bersama Penetapan Raperda Tentang Pertanggungjawaban Pelaksana APBD 2017', 'Pasal 320 UU 23 Th 2014 tentang Pemerintahan Daerah ;', 'UU 2 Th 1950; UU 17 Th 2003; UU 33 Th 2004; UU 12 Th 2011; UU 23 Th 2014; PP 58 Th 2005; PP 71 Th 2010; Permendagri 13 Th 2006; Permendagri 80 Th 2015; Perda 2 Th 2007; Perda 1 Th 2015; Perda 17 Th 2016; Perda 7 Th 2017; Peraturan DPRD 1 Th 2014;', 'Pendapat Akhir Fraksi Fraksi DPRD Prov Jawa Timur 16 Juli 2019', '1. Menyetujui Raperda Prov Jawa Timur tentang Pertanggungjawaban Pelaksanaan Anggaran Pendapatan dan Belanja Daerah Th Anggaran 2017; 2. Laporan Realisasi Anggaran Pendapatan dan Belanja Daerah Prov Jawa Timur Th Anggaran 2017; 3. Laporan Realisasi Anggar', 3, 1, '3. KB_3_persetujuan bersama penetapan raperda ttg pertanggungjawaban pelaksana APBD 2017.pdf', NULL, '2019-12-08', 1, NULL, NULL, 0),
(8, 'RPH/L002-001/KB/4/2018', '4', 3, 3, 3, 3, '2018-07-27', 'Persetujuan Bersama Penetapan Raperda Tentang Penguatan Toleransi Kebhinekaan', 'Raperda Prov Jawa Timur tentang Penguatan Toleransi dan Keberagaman di Jawa Timur; Perubahan judul menjadi Rapperda Prov Jawa Timur tentang Penguatan Toleransi Kebhinekaan; Pasal 56 Peraturan Daerah Prov Jawa Timur 1 Th 2015 tentang Pembentukan Peraturan ', 'UU 2 Th 1950; UU 39 Th 1999; UU 11 Th 2005; UU 12 Th 2005; UU 40 Th 2008; UU 12 Th 2011; UU 7 Th 2012; UU 23 Th 2014; PP 2 Th 2015; PP 12 Th 2017; PP 12 Th 2018; Permendagri 80 Th 2015; Perda 1 Th 2015; Peraturan DPRD 1 Th 2014;', 'Keputusan DPRD Prov Jawa Timur 188/28/KPTS-DPRD/050/2017', '1. Menyetujui Raperda Prov Jawa Timur tentang Penguatan Toleransi Kebhinekaan menjadi Perda Prov Jawa Timur; 2. Keputusan Bersama mulai berlaku pada tanggal ditetapkan;', 3, 1, '4. KB_4_persetujuan bersama penetapan raperda ttg penguatan toleransi kebhinekaan.pdf', NULL, '2019-12-08', 1, NULL, NULL, 0),
(9, 'RPH/L002-001/KB/7/2018', '7', 3, 3, 3, 3, '2018-08-03', 'Persetujuan Bersama Penetapan Raperda Tentang Perubahan Keempat Perda Penyertaan Modal', 'Raperda Prov jawa Timur tentang Perubahan Perda 8 Th 2013 tentang Penyertaan Modal usulan dari Pemerintah Prov Jawa Timur;', 'UU 2 Th 1950; UU 17 Th 2003; UU 1 Th 2004; UU 40 Th 2007; UU 12 Th 2011; UU 23 Th 2014; PP 58 Th 2005; PP 39 Th 2007; PP 1 Th 2008; PP 71 Th 2010; PP 27 Th 2014; PP 12 Th 2018; Permendagri 13 Th 2006; Permendagri 52 Th 2012; Permendagri 80 Th 2015; Permen', 'Keputusan DPRD Prov Jawa Timur 188/28/KPTS-DPRD/050/2017;', '1. Menyetujui Raperda Prov Jawa Timur tentang Perubahan Keempat Atas Peraturan Daerah Provinsi Jawa Timur Nomor 8 Tahun 2013 Tentang Penyertaan Modal menjadi Peraturan Daerah Prov Jawa Timur; 2. Keputusan Bersama ini mulai berlaku pada tanggal di tetapkan', 3, 1, '5. KB_7_persetujuan bersama penetapan Raperda ttg perubahan keempat perda penyertaan modal.pdf', NULL, '2019-12-08', 1, NULL, NULL, 0),
(10, 'RPH/L002-001/KB/9/2018', '9', 3, 3, 3, 3, '2018-09-24', 'Persetujuan Bersama Penetapan Raperda RPIP Thn 2018-2038', 'Raperda Prov Jawa Timur tentang Rencana Pembangunan Industri Prov Jawa Timur Th 2018-2038; Pasal 56 Perda Prov Jawa Timur 1 Th 2015;', 'UU 2 Th 1950; UU 41 Th 2009; UU 12 Th 2011; UU 3 Th 2014; UU 23 Th 2014; PP 14 Th 2015; PP 41 Th 2015; PP 142 Th 2015; PP 2 Th 2017; Peraturan Mentri Perindustri 110/M-IND/PER/2015; Permendagri 97 Th 2017; Perda 1 Th 2009; Perda 5 Th 2012; Perda 3 Th 2014', 'Keputusan DPRD Prov Jawa Timur 188/36/KPTS-DPRD/050/2017', '1. Menyetujui Raperda Prov Jawa Timur tentang Rencana Pembangunan Industri Prov Jawa Timur Th 2018-2038 menjadi Perda Prov Jawa Timur; 2. Keputusan Bersama mulai berlaku pada tanggal ditetapkan;', 3, 1, '6. KB_9_persetujuan bersama penetapan raperda RPIP thn 2018-2038.pdf', NULL, '2019-12-08', 1, NULL, NULL, 0),
(11, 'RPH/L002-001/KB/9/2018', '9', 3, 3, 3, 3, '2018-09-24', 'Persetujuan Bersama Penetapan Raperda Tentang Rencana Pembangunan Industri Thn 2018-2038', 'Raperda Prov Jawa Timur tentang Rencana Pembangunan Industri Prov Jawa Timur Th 2018-2038; Pasal 56 Perda Prov Jawa Timur 1 Th 2015;', 'UU 2 Th 1950; UU 41 Th 2009; UU 12 Th 2011; UU 3 Th 2014; UU 23 Th 2014; PP 14 Th 2015; PP 41 Th 2015; PP 142 Th 2015; PP 2 Th 2017; Peraturan Mentri Perindustri 110/M-IND/PER/2015; Permendagri 97 Th 2017; Perda 1 Th 2009; Perda 5 Th 2012; Perda 3 Th 2014', 'Keputusan DPRD Prov Jawa Timur 188/36/KPTS-DPRD/050/2017', '1. Menyetujui Raperda Prov Jawa Timur tentang Rencana Pembangunan Industri Prov Jawa Timur Th 2018-2038 menjadi Perda Prov Jawa Timur; 2. Keputusan Bersama mulai berlaku pada tanggal ditetapkan;', 3, 1, '7. KB_9_persetujuan bersama penetapan raperda ttg rencana pembangunan industri thn 2018-2038.pdf', NULL, '2019-12-08', 1, NULL, NULL, 0),
(12, 'RPH/L002-001/KB/12/2018', '12', 3, 3, 3, 3, '2018-10-12', 'Persetujuan Bersama Raperda Perubahan Sapi Dan Kerbau Betina', 'Raperda Prov Jawa Timur tentang Perubahan atas Perda 3 Th 2012; Pasal 56 Perda Prov Jawa Timur 1 Th 2015 tentang Pembentukan Peraturan Daerah;', 'UU 2 Th 1950; UU 18 Th 2009; UU 12 Th 2011; UU 23 Th 2014; PP 22 Th 1983; PP 82 Th 2000; PP 48 Th 2011; PP 87 Th 2014; Permendagri 80 Th 2015; Perda 1 Th 2015; Perda 3 Th 2012; Peraturan DPRD 1 Th 2014;', 'Keputusan DPRD Prov Jawa Timur 188/37/KPTS-DPRD/050/2018;', '1. Menyetujui Raperda Prov Jawa Timur tentang Perubahan atas Perda Prov jawa Timur No 3 Th 2012; 2. Keputusan Bersama mulai berlaku pada tanggal ditetapkan;', 3, 1, '8. KB_12_Persetujuan Bersama Raperda Perubahan Sapi dan Kerbau Betina.pdf', NULL, '2019-12-08', 1, NULL, NULL, 0),
(13, 'RPH/L002-001/KB/13/2018', '13', 3, 3, 3, 3, '2018-11-28', 'Persetujuan Bersama Penetapan Raperda Tentang PT Bank Jatim Syariah (Perseroda)', 'Raperda Prov Jawa Timur tentang PT Bank Jatim Syariah; Pasal 56 Perda Prov Jawa Timur 1 Th 2015;', 'UU 2 Th 1950; UU 7 Th 1992; UU 17 Th 2003; UU 1 Th 2004; UU 40 Th 2007; UU 21 Th 2008; UU 12 Th 2011; UU 23 Th 2014; PP 58 Th 2005; PP 43 Th 2011; PP 54 Th 2017; PP 12 Th 2018; Peraturan Bank Indonesia No 11/3/PBI/2009; Permendagri 52 Th 2012; Permendagri', 'Keputusan DPRD Prov Jawa Timur 188/52/KPTS-DPRD/050/2018', '1. Menyetujui Raperda Prov Jawa Timur tentang PT Bank Jatim Syariah untuk ditetapkan menjadi Perda Prov Jawa Timur; 2. Keputusan Bersama mulai berlaku pada tanggal ditetapkan;', 3, 1, '9. KB_13_persetujuan bersama penetapan raperda tentang PT bank jatim syariah (perseroda).pdf', NULL, '2019-12-08', 1, NULL, NULL, 0),
(14, 'RPH/L002-001/KB/14/2018', '14', 3, 3, 3, 3, '2018-11-28', 'Persetujuan Bersama Penetapan Raperda Tentang Perubahan Kelima Tentang Penyertaan  Modal', 'Raperda Prov Jawa Timur tentang Perubahan Perda Prov Jawa Timur 8 Th 2013 tentang Penyertaan Modal;', 'UU 2 Th 1950; UU 17 Th 2003; UU 1 Th 2004; UU 40 Th 2007; UU 12 Th 2011; UU 23 Th 2014; PP 58 Th 2005; PP 39 Th 2007; PP 1 Th 2008; PP 54 Th 2017; PP 12 Th 2018; Permendagri 13 Th 2006; Permendagri 52 Th 2012; Permendagri 80 Th 2015; Peraturan Bank Indone', 'Keputusan DPRD Prov Jawa Timur 188/53/KPTS-DPRD/050/2018;', '1. Menyetujui Raperda Prov Jawa Timur tentang Perubahan Peraturan Daerah 8 Th 2013 tentang Penyertaan Modal; 2. Keputusan Bersama mulai berlaku pada tanggal ditetapkan;', 3, 1, '10. KB_14_persetujuan bersama penetapan raperda ttg perubahan kelima ttg penyertaan  modal.pdf', NULL, '2019-12-08', 1, NULL, NULL, 0),
(15, 'RPH/L002-001/KB/15/2018', '15', 3, 3, 3, 3, '2018-11-28', 'Raperda Tentang APBD Tahun 2019', '(-)', '(-)', '(-)', '(-)', 3, 1, '11. KB_15_raperda tentang APBD tahun 2019.pdf', NULL, '2019-12-08', 1, NULL, NULL, 0),
(16, 'RPH/L002-001/KB/16/2018', '16', 3, 3, 3, 3, '2018-12-17', 'Persetujuan Bersama Tentang Penanggulangan HIV Dan AIDS', 'Raperda Prov Jawa Timur tentang Penanggulangan HIV dan AIDS; Pasal 56 Perda 1 Th 2015;', 'UU 2 Th 1950; UU 36 Th 2009; UU 44 Th 2009; UU 12 Th 2011; UU 23 Th 2014; PP 12 Th 2018; PP 75 Th 2006; Peraturan Mentri Kesehatan 21 Th 2013; Permendagri 80 Th 2015; Peraturan Mentri Sosial 6 Th 2018; Peraturan DPRD 1 Th 2018;', 'Keputusan DPRD Prov Jawa Timur No 188/54/KPTS-DPRD/050/2018;', '1. Menyetujui Raperda Prov Jawa Timur tentang Penanggulangan HIV dan AIDS; 2. Keputusan Bersama mulai berlaku pada tanggal ditetapkan;', 3, 1, '12. KB_16_persetujuan bersama tentang penanggulangan HIV dan AIDS.pdf', NULL, '2019-12-08', 1, NULL, NULL, 0),
(17, 'RPH/L002-001/KB/17/2018', '17', 3, 3, 3, 3, '2018-12-17', 'Persetujuan Bersama Tentang Pembentukan Produk Hukum Daerah', 'Raperda Prov Jawa Timur tentang Pembentukan Produk Hukum Daerah; Pasal 56 Perda Prov Jawa Timur 1 Th 2015;', 'UU 2 Th 1950; UU 12 Th 2011; UU 23 Th 2014; PP 12 Th 2018; PerPres 87 Th 2014; Permendagri 80 Th 2015; Peraturan DPRD 1 Th 2018', 'Keputusan DPRD Prov Jawa Timur 1 Th 2018 tentang Tata Tertib DPRD Prov Jawa Timur;', '1. Menyetujui Raperda Prov Jawa Timur tentang Pembentukan Produk Hukum Daerah; 2. Keputusan Bersama mulai berlaku pada tanggal ditetapkan;', 3, 1, '13. KB_17_persetujuan bersama tentang pembentukan produk hukum daerah.pdf', NULL, '2019-12-08', 1, NULL, NULL, 0),
(18, 'RPH/L002-001/KB/18/2018', '18', 3, 3, 3, 3, '2018-12-28', 'Persetujuan Bersama Penetapan Raperda Tentang Ketentraman,Ketertiban Umum Dan Perlindungan Masyarakat', 'Raperda Prov Jawa Timur tentang Ketentraman, Ketertiban Umum dan Perlindungan Masyarakat; Pasal 56 Perda Prov Jawa Timur 1 Th 2015;', 'UU 2 Th 1950; UU 39 Th 1999; UU 12 Th 2011; UU 23 Th 2014; PP 12 Th 2018; PP 16 Th 2018; PP 16 Th 2018; Permendagri 80 Th 2015; Perda 1 Th 2015; Peraturan DPRD 1 Th 2018;', 'Keputusan DPRD Prov Jawa Timur 188/58/KPTS-DPRD/050/2018', '1. Menyetujui Raperda Prov Jawa Timur tentang Ketentraman, Ketertiban Umum dan Perlindungan Masyarakat; 2. Keputusan Bersama mulai berlaku pada tanggal ditetapkan;', 3, 1, '14. KB_18_persetujuan bersama penetapan raperda ttg ketentraman,ketertiban umum dan perlindungan masyarakat.pdf', NULL, '2019-12-08', 1, NULL, NULL, 0),
(19, 'RPH/L002-001/NK/5/2018', '5', 3, 3, 3, 4, '2018-07-27', 'Kebijakan Umum PAPBD TA 2018', '(-)', '(-)', '(-)', '(-)', 3, 1, '15. NK_5_kebijakan umum PAPBD TA 2018.pdf', NULL, '2019-12-08', 1, NULL, NULL, 0),
(20, 'RPH/L002-001/NK/6/2018', '6', 3, 3, 3, 4, '2018-07-27', 'Prioritas dan Plafon Anggaran Sementara (PPAS) P-APBD TA 2018', '(-)', '(-)', '(-)', '(-)', 3, 1, '16. NK_6_prioritas & plafon anggaran sementara (PPAS) P-APBD TA 2018.pdf', NULL, '2019-12-08', 1, NULL, NULL, 0),
(21, 'RPH/L002-001/NK/10/2018', '10', 3, 3, 3, 4, '2018-09-24', 'Kebijakan Umum Anggaran Pendapatan Dan Belanja Daerah', '(-)', '(-)', '(-)', '(-)', 3, 1, '17. NK_10_kebijakan umum anggaran pendapatan dan belanja daerah.pdf', NULL, '2019-12-08', 1, NULL, NULL, 0),
(22, 'RPH/L002-001/NK/10/2018', '10', 3, 3, 3, 4, '2018-09-24', 'Kebijakan Umum APBD TA 2019', '(-)', '(-)', '(-)', '(-)', 3, 1, '18. NK_10_kebijakan umum APBD TA 2019.pdf', NULL, '2019-12-08', 1, NULL, NULL, 0),
(23, 'RPH/L002-001/NK/11/2018', '11', 3, 3, 3, 4, '2018-09-24', 'Prioritas Dan Plafon Anggaran Sementara (PPAS) APBD TA 2019', '(-)', '(-)', '(-)', '(-)', 3, 1, '19. NK_11_prioritas dan plafon anggaran sementara (PPAS) APBD TA 2019.pdf', NULL, '2019-12-08', 1, NULL, NULL, 0),
(24, 'RPH/L002-001/KPTS-DPRD/1/2018', '1', 3, 3, 3, 5, '2018-01-29', 'Perubahan Keenam Bamus 2018', 'Surat Fraksi PKB No 003/PKB/DPRD.JATIM/1/2018;', 'UU 2 Th 1950; UU 12 Th 2011; UU 23 Th 2014; PP 16 Th 2010; Permendagri 80 Th 2015; Peraturan DPRD 1 Th 2014; Keputusan DPRD 188/28/KPTS-DPRD/060/2014;', 'Surat Fraksi PKB No 003/PKB/DPRD.JATIM/I/2018', '1. Mengubah Lampiran Keputusan DPRD Prov Jawa Timur 188/28/KPTS-DPRD/060/2014; 2. Keputusan mulai berlaku sejak tanggal ditetapkan;', 3, 1, '20. KPTS-DPRD_1_Perubahan Keenam Bamus 2018_.pdf', NULL, '2019-12-08', 1, NULL, NULL, 0),
(25, 'RPH/L002-001/KPTS-DPRD/1/2018', '1', 3, 3, 3, 5, '2018-01-29', 'Perubahan Keenam Banmus', 'Surat Fraksi PKB No 003/PKB/DPRD.JATIM/1/2018;', 'UU 2 Th 1950; UU 12 Th 2011; UU 23 Th 2014; PP 16 Th 2010; Permendagri 80 Th 2015; Peraturan DPRD 1 Th 2014; Keputusan DPRD 188/28/KPTS-DPRD/060/2014;', 'Surat Fraksi PKB No 003/PKB/DPRD.JATIM/I/2018', '1. Mengubah Lampiran Keputusan DPRD Prov Jawa Timur 188/28/KPTS-DPRD/060/2014; 2. Keputusan mulai berlaku sejak tanggal ditetapkan;', 3, 1, '21. KPTS-DPRD_1_perubahan keenam banmus.pdf', NULL, '2019-12-08', 1, NULL, NULL, 0),
(26, 'RPH/L002-001/KPTS-DPRD/2/2018', '2', 3, 3, 3, 5, '2018-01-29', 'Perubahan Keenam Komisi-Komisi 2018', 'Surat Fraksi PKB No 003/PKB/DPRD.JATIM/1/2018;', 'UU 2 Th 1950; UU 12 Th 2011; UU 23 Th 2014; PP 16 Th 2010; Permendagri 80 Th 2015; Peraturan DPRD 1 Th 2014; Keputusan DPRD 188/28/KPTS-DPRD/060/2014;', 'Surat Fraksi PKB No 003/PKB/DPRD.JATIM/I/2018', '1. Mengubah Lampiran Keputusan DPRD Prov Jawa Timur 188/28/KPTS-DPRD/060/2014; 2. Keputusan mulai berlaku sejak tanggal ditetapkan;', 3, 1, '22. KPTS-DPRD_2_Perubahan Keenam Komisi-Komisi 2018.pdf', NULL, '2019-12-08', 1, NULL, NULL, 0),
(27, 'RPH/L002-001/KPTS-DPRD/3/2018', '3', 3, 3, 3, 5, '2018-01-29', 'Perubahan Kelima Balegda 2018', 'Perubahan Alat Kelengkapan DPRD Prov jawa Timur dari Fraksi PKB dan Fraksi PKS, perlu mengubah Lampiran Keputusan DPRD 188/30/KPTS-DPRD/060/2014', 'UU 2 Th 1950; UU 12 Th 2011; UU 23 Th 2014; PP 16 Th 2010; Permendagri 80 Th 2015; Peraturan DPRD 1 Th 2014; Keputusan DPRD 188/28/KPTS-DPRD/060/2014;', 'Surat Fraksi PKB 003/PKB/DPRD.JATIM/I/2018; Surat Fraksi PKS 012/FPKS/DPRD.JATIM/I/2018', '1. Mengubah Lampiran Keputusan DPRD Prov Jawa Timur 188/30/KPTS-DPRD/060/2014; 2. Keputusan berlaku pada tanggal ditetapkan;', 3, 1, '23. KPTS-DPRD_3_Perubahan Kelima Balegda 2018_.pdf', NULL, '2019-12-08', 1, NULL, NULL, 0),
(28, 'RPH/L002-001/KPTS-DPRD/4/2018', '4', 3, 3, 3, 5, '2018-01-29', 'Perubahan Keempat Bangar 2018', 'Perubahan Alat Kelengkapan DPRD Prov jawa Timur dari Fraksi PKB dan Fraksi PKS, perlu mengubah Lampiran Keputusan DPRD 188/31/KPTS-DPRD/060/2014', 'UU 2 Th 1950; UU 12 Th 2011; UU 23 Th 2014; PP 16 Th 2010; Permendagri 80 Th 2015; Peraturan DPRD 1 Th 2014; Keputusan DPRD 188/28/KPTS-DPRD/060/2014;', 'Surat Fraksi PKB 003/PKB/DPRD.JATIM/I/2018; Surat Fraksi PKS 012/FPKS/DPRD.JATIM/I/2018', '1. Mengubah Lampiran Keputusan DPRD Prov Jawa Timur 188/31/KPTS-DPRD/060/2014; 2. Keputusan berlaku pada tanggal ditetapkan;', 3, 1, '24. KPTS-DPRD_4_Perubahan Keempat Bangar 2018_.pdf', NULL, '2019-12-08', 1, NULL, NULL, 0),
(29, 'RPH/L002-001/KPTS-DPRD/4/2018', '4', 3, 3, 3, 5, '2018-01-29', 'Perubahan Keempat Banggar', 'Perubahan Alat Kelengkapan DPRD Prov jawa Timur dari Fraksi PKB dan Fraksi PKS, perlu mengubah Lampiran Keputusan DPRD 188/31/KPTS-DPRD/060/2014', 'UU 2 Th 1950; UU 12 Th 2011; UU 23 Th 2014; PP 16 Th 2010; Permendagri 80 Th 2015; Peraturan DPRD 1 Th 2014; Keputusan DPRD 188/28/KPTS-DPRD/060/2014;', 'Surat Fraksi PKB 003/PKB/DPRD.JATIM/I/2018; Surat Fraksi PKS 012/FPKS/DPRD.JATIM/I/2018', '1. Mengubah Lampiran Keputusan DPRD Prov Jawa Timur 188/31/KPTS-DPRD/060/2014; 2. Keputusan berlaku pada tanggal ditetapkan;', 3, 1, '25. KPTS-DPRD_4_perubahan keempat banggar.pdf', NULL, '2019-12-08', 1, NULL, NULL, 0),
(30, 'RPH/L002-001/KPTS-DPRD/5/2018', '5', 3, 3, 3, 5, '2018-01-29', 'Perubahan Keempat BK 2018', 'Surat Fraksi PKS 012/FPKS/DPRD.JATIM/I/2018;', 'UU 2 Th 1950; UU 12 Th 2011; UU 23 Th 2014; PP 16 Th 2010; Permendagri 80 Th 2015; Peraturan DPRD 1 Th 2014; Keputusan DPRD 188/28/KPTS-DPRD/060/2014;', 'Surat Fraksi PKS 012/FPKS/DPRD.JATIM/I/2018', '1. Mengubah Lampiran Keputusan DPRD Prov jawa Timur 188/32/KPTS-DPRD/060/2014 tentan Penetapan Keanggotaan Badan Kehormatan DPRD Masa Jabatan 2014-2019; 2. Keputusan ini berlaku pada tanggal ditetapkan;', 3, 1, '26. KPTS-DPRD_5_Perubahan Keempat BK 2018_.pdf', NULL, '2019-12-08', 1, NULL, NULL, 0),
(31, 'RPH/L002-001/KPTS-DPRD/6/2018', '6', 3, 3, 3, 5, '2018-03-12', 'Perubahan Prolegda 2018', 'Adanya kebutuhan huku dan pperkembangan peraturan perundang undangan, Keputusan DPRD 188/27/KPTS-DPRD/050/2017;', 'UU 2 Th 1950; UU 12 Th 2011; UU 23 Th 2014; UU 16 Th 2010; PP 87 Th 2014; Permendagri 80 Th 2015; Perda 1 Th 2015; Peraturan DPRD 1 Th 2014;', '(-)', '1. Mengubah Lampiran Keputusan DPRD Prov Jawa Timur 188/27/KPTS-DPRD/060/2014; 2. Keputusan mulai berlaku sejak tanggal ditetapkan;', 3, 1, '27. KPTS-DPRD_6_PERUBAHAN PROLEGDA 2018.pdf', NULL, '2019-12-08', 1, NULL, NULL, 0),
(32, 'RPH/L002-001/KPTS-DPRD/7/2018', '7', 3, 3, 3, 5, '2018-03-19', 'Perubahan Ketujuh Komisi-Komisi', 'Keputusan Menteri Dalam Negri No 161.35-342 Th 2018', 'UU 2 Th 1950; UU 12 Th 2011; UU 23 Th 2014; PP 16 Th 2010; Permendagri 80 Th 2015; Peraturan DPRD 1 Th 2014; Keputusan DPRD 188/29/KPTS-DPRD/060/2014;', 'Keputusan Mendagri No 161.35-343 Th 2018 tentang Pemberhentian Anggota DPRD Prov Jawa Timur atas nama Drs. ALI MUDJI; Keputusan Mendagri No 161.35-343 Th 2018 tentang Pengangkatan Pengganti Antar Waktu Anggota DPRD Prov jawa Timur;', '1. Mengubah Lampiran Keputusan DPRD Prov Jawa Timur 188/29/KPTS-DPRD/060/2014; 2. Keputusan ini berlaku pada tanggal ditetapkan;', 3, 1, '28. KPTS-DPRD_7_perubahan ketujuh komisi-komisi.pdf', NULL, '2019-12-08', 1, NULL, NULL, 0),
(33, 'RPH/L002-001/KPTS-DPRD/8/2018', '8', 3, 3, 3, 5, '2018-03-19', 'Perubahan Ketujuh Banmus', 'Surat Fraksi PDI-P 015/Ex/F.PDI-P/DPRD JATIM/III/2018;', 'UU 2 Th 1950; UU 12 Th 2011; UU 23 Th 2014; PP 16 Th 2010; Permendagri 80 Th 2015; Peraturan DPRD 1 Th 2014; Keputusan DPRD 188/28/KPTS-DPRD/060/2014;', 'Surat Fraksi PDI-P 015/Ex/F.PDI-P/DPRD JATIM/III/2018', '1. Mengubah Lampiran Keputusan DPRD Prov Jawa Timur 188/28/KPTS-DPRD/060/2014; 2. Keputusan mulai berlaku sejak tanggal ditetapkan;', 3, 1, '29. KPTS-DPRD_8_perubahan ketujuh banmus.pdf', NULL, '2019-12-08', 1, NULL, NULL, 0),
(34, 'RPH/L002-001/KPTS-DPRD/9/2018', '9', 3, 3, 3, 5, '2018-03-19', 'Persetujuan Usul Prakarsa Raperda Tentang Penguatan Toleransi Dan Keberagaman', 'Prakarsa Raperda tentang Penguatan Toleransi dan Keberagaman di Jawa Timur; Pasal 21 Peraturan DPRD 1 Th 2014 tentang Tata Tertib DPRD', 'UU 2 Th 1950; UU 12 Th 2011; UU 23 Th 2014; PP 16 Th 2010; Permendagri 80 Th 2015; Peraturan DPRD 1 Th 2015; Peraturan DPRD 1 Th 2014;', 'Hasil Rapat Paripurna DPRD Prov Jawa Timur tanggal 19 Maret 2018', '1. Memberikan Persetujuan Usul Praksara Raperda tentang Penguatan Toleransi dan Keberagaman di Jawa Timur; 2. Menugaskan kepada Komisi A DPRD untuk membahas bersama dengan Pemerintah Prov Jawa Timur; 3. Keputusan ini berlaku pada tanggal ditetapkan;', 3, 1, '30. KPTS-DPRD_9_persetujuan usul prakarsa raperda ttg penguatan toleransi dan keberagaman.pdf', NULL, '2019-12-08', 1, NULL, NULL, 0),
(35, 'RPH/L002-001/KPTS-DPRD/10/2018', '10', 3, 3, 3, 5, '2018-04-02', 'Pembentukan Panitia Khusus Pembahas LKPJ Gubernur TA 2017', 'Laporan Keterangan Pertanggungjawaban Gubernur Jawa Timur Akhir Tahun Anggaran 2017', 'UU 2 Th 1950; UU 12 Th 2011; UU 23 Th 2014; PP 3 Th 2007; PP 16 Th 2010; Permendagri 80 Th 2015; Peraturan DPRD 1 Th 2014;', 'Surat Fraksi PKB 014/FPKB/DPRD.JATIM/III/2018; Surat Fraksi Partai Gerindra 013/FP.GERINDRA/JATIM/III/2018; Surat Fraksi Partai Demokrat 14/FPD/DPRD-JATIM/III/2018; Surat Fraksi Partai Golkar 253/FPG/DPRD.Jatim/III/2018; Surat Fraksi PKS 018/FPKS/DPRD-JAT', '1. Membentuk Panitia Khusus Pembahas Laporan Pertanggunjawaban Gubernur Jawa Timur; 2. Menugaskan Panitia Khusus sebagaimana dimaksud Diktum Kesatu; 3. Keputusan ini berlaku pada tanggal ditetapkan;', 3, 1, '31. KPTS-DPRD_10_pembentukan panitia khusus pembahas LKPJ gubernur TA 2017.pdf', NULL, '2019-12-08', 1, NULL, NULL, 0),
(36, 'RPH/L002-001/KPTS-DPRD/10/2018', '10', 3, 3, 3, 5, '2018-04-02', 'Salinan Pembentukan Panitia Khusus Pembahas LKPJ Gubernur TA 2017', 'Laporan Keterangan Pertanggungjawaban Gubernur Jawa Timur Akhir Tahun Anggaran 2017', 'UU 2 Th 1950; UU 12 Th 2011; UU 23 Th 2014; PP 3 Th 2007; PP 16 Th 2010; Permendagri 80 Th 2015; Peraturan DPRD 1 Th 2014;', 'Surat Fraksi PKB 014/FPKB/DPRD.JATIM/III/2018; Surat Fraksi Partai Gerindra 013/FP.GERINDRA/JATIM/III/2018; Surat Fraksi Partai Demokrat 14/FPD/DPRD-JATIM/III/2018; Surat Fraksi Partai Golkar 253/FPG/DPRD.Jatim/III/2018; Surat Fraksi PKS 018/FPKS/DPRD-JAT', '1. Membentuk Panitia Khusus Pembahas Laporan Pertanggunjawaban Gubernur Jawa Timur; 2. Menugaskan Panitia Khusus sebagaimana dimaksud Diktum Kesatu; 3. Keputusan ini berlaku pada tanggal ditetapkan;', 3, 1, '32. KPTS-DPRD_10_salinan pembentukan panitia khusus pembahas LKPJ gubernur TA 2017.pdf', NULL, '2019-12-08', 1, NULL, NULL, 0),
(37, 'RPH/L002-001/KPTS-DPRD/11/2018', '11', 3, 3, 3, 5, '2018-04-30', 'Perubahan Kedelapan Banmus', 'Surat Fraksi PKB No 027/PKB/DPRD.JATIM/1/2018;', 'UU 2 Th 1950; UU 12 Th 2011; UU 23 Th 2014; PP 16 Th 2010; Permendagri 80 Th 2015; Peraturan DPRD 1 Th 2014; Keputusan SPRD 188/28/KPTS-DPRD/060/2014;', 'Surat Fraksi PKB No 027/PKB/DPRD.JATIM/1/2018;', '1. Mengubah Lampiran Keputusan DPRD 188/28/KPTS-DPRD/060/2014; 2. Keputusan ini berlaku pada tanggal ditetapkan;', 3, 1, '33. KPTS-DPRD_11_perubahan kedelapan banmus.pdf', NULL, '2019-12-08', 1, NULL, NULL, 0),
(38, 'RPH/L002-001/KPTS-DPRD/12/2018', '12', 3, 3, 3, 5, '2018-04-30', 'Perubahan Kedelapan Komisi-Komisi', 'Keputusan Menteri Dalam Negri No 161.35-1486 Th 2018', 'UU 2 Th 1950; UU 12 Th 2011; UU 23 Th 2014; PP 16 Th 2010; Permendagri 80 Th 2015; Peraturan DPRD 1 Th 2014; Keputusan DPRD 188/29/KPTS-DPRD/060/2014;', 'Keputusan Menteri Dalam Negeri 050-1486 Th 2018 tentang Pemberhentian Anggota; Keputusan Menteri Dalam Negeri 161.35-1487 Th 2018 Tentang Pengangkatan Anggota Baru; Keputusan Menteri Dalam Negeri 050-1490 Th 2018 tentang Pemberhentian Anggota; Keputusan M', '1. Mengubah Lampiran Keputusan DPRD Prov Jawa Timur 188/29/KPTS-DPRD/060/2014; 2. Keputusan ini berlaku pada tanggal ditetapkan;', 3, 1, '34. KPTS-DPRD_12_perubahan kedelapan komisi-komisi.pdf', NULL, '2019-12-08', 1, NULL, NULL, 0),
(39, 'RPH/L002-001/KPTS-DPRD/13/2018', '13', 3, 3, 3, 5, '2018-04-30', 'Perubahan Kelima Banggar', 'Surat Fraksi PPP 20/F.PPP/DPRD Jatim/IV/2018;', 'UU 2 Th 1950; UU 12 Th 2011; UU 23 Th 2014; PP 16 Th 2010; Permendagri 80 Th 2015; Peraturan DPRD 1 Th 2014; Keputusan DPRD 188/31/KPTS-DPRD/060/2014;', 'Surat Fraksi PPP 20/F.PPP/DPRD.Jatim/IV/2018', '1. Mengubah Lampiran Keputusan DPRD Prov Jawa Timur 188/31/KPTS-DPRD/060/2014; 2. Keputusan berlaku pada tanggal ditetapkan;', 3, 1, '35. KPTS-DPRD_13_perubahan kelima banggar.pdf', NULL, '2019-12-08', 1, NULL, NULL, 0),
(40, 'RPH/L002-001/KPTS-DPRD/14/2018', '14', 3, 3, 3, 5, '2018-04-30', 'Persetujuan Usul Prakarsa Tentang Pembentukan Produk Hukum Daerah Menjadi Raperda Inisiatif DPRD', 'Prakarsa Raperda tentang Pembentukan Produk Hukum Daerah; Pasal 21 Peraturan DPRD 1 Th 2014 tentang Tata Tertib DPRD', 'UU 2 Th 1950; UU 12 Th 2011; UU 23 Th 2014; PerPres 87 Th 2014; Permendagri 80 Th 2015; Perda Prov jatim 1 Th 2015; Peraturan DPRD 1 Th 2014;', 'Hasil Rapat Paripurna DPRD Prov Jawa Timur tanggal 30 April 2018', '1. Memberikan Persetujuan Usul Praksara Raperda tentang Pembentukan Produk Hukum Daerah ; 2. Menugaskan kepada Baperda untuk membahas bersama dengan Pemerintah Prov Jawa Timur; 3. Keputusan ini berlaku pada tanggal ditetapkan;', 3, 1, '36. KPTS-DPRD_14_persetujuan usul prakarsa ttg pembentukan produk hukum daerah menjadi raperda inisiatif DPRD.pdf', NULL, '2019-12-08', 1, NULL, NULL, 0),
(41, 'RPH/L002-001/KPTS-DPRD/17/2018', '17', 3, 3, 3, 5, '2018-05-11', 'Perubahan Keenam Penetapan Keanggotaan Komisi-Komisi', 'Keputusan Menteri Dalam Negri No 161.35-1567 Th 2018 dan 161.35-1568 Th 2018', 'UU 2 Th 1950; UU 12 Th 2011; UU 23 Th 2014; PP 16 Th 2010; Permendagri 80 Th 2015; Peraturan DPRD 1 Th 2014; Keputusan DPRD 188/29/KPTS-DPRD/060/2014;', 'Keputusan Menteri Dalam Negri No 161.35-1567 Th 2018 tentang Pemberhentian Anggota; Keputusan Menteri Dalam Negri No 161.35-1568 Th 2018 tentang Pengangkatan Pengganti Antar Waktu;', '1. Mengubah Lampiran Keputusan DPRD Prov jawa Timur 188/29/KPTS-DPRD/060/2014; 2. Keputusan ini berlaku pada tanggal ditetapkan;', 3, 1, '37. KPTS-DPRD_17_perubahan keenam penetapan keanggotaan komisi-komisi.pdf', NULL, '2019-12-08', 1, NULL, NULL, 0),
(42, 'RPH/L002-001/KPTS-DPRD/18/2018', '18', 3, 3, 3, 5, '2018-05-11', 'Perubahan Keempat Penetapan Keanggotaan Badan Kehormatan', 'Perubahan Alat Kelengkapan DPRD Prov jawa Timur dari Fraksi PKB dan Fraksi PKS, perlu mengubah Lampiran Keputusan DPRD 188/30/KPTS-DPRD/060/2014', 'UU 2 Th 1950; UU 12 Th 2011; UU 23 Th 2014; PP 16 Th 2010; Permendagri 80 Th 2015; Peraturan DPRD 1 Th 2014; Keputusan DPRD 188/28/KPTS-DPRD/060/2014;', 'Surat Fraksi PKS 026/FPKS/DPRD.JATIM/I/2018', '1. Mengubah Lampiran Keputusan DPRD Prov jawa Timur 188/32/KPTS-DPRD/060/2014 tentan Penetapan Keanggotaan Badan Kehormatan DPRD Masa Jabatan 2014-2019; 2. Keputusan ini berlaku pada tanggal ditetapkan;', 3, 1, '38. KPTS-DPRD_18_perubahan keempat penetapan keanggotaan badan kehormatan.pdf', NULL, '2019-12-08', 1, NULL, NULL, 0),
(43, 'RPH/L002-001/KPTS-DPRD/19/2018', '19', 3, 3, 3, 5, '2018-05-25', 'Perubahan Kesepuluh Komisi-Komisi DPRD Prov Jatim 2018', 'Keputusan Menteri Dalam Negri No 161.35-1645 Th 2018 dan 161.35-1686 Th 2018', 'UU 2 Th 1950; UU 12 Th 2011; UU 23 Th 2014; PP 16 Th 2010; Permendagri 80 Th 2015; Peraturan DPRD 1 Th 2014; Keputusan DPRD 188/29/KPTS-DPRD/060/2014;', 'Keputusan Menteri Dalam Negri No 161.35-1645 Th 2018 tentang Pemberhentian Anggota; Keputusan Menteri Dalam Negri No 161.35-1685 Th 2018 tentang Pemberhentian Anggota; Keputusan Menteri Dalam Negri No 161.35-1686 Th 2018 tentang Pengangkatan Pengganti Ant', '1. Mengubah Lampiran Keputusan DPRD Prov jawa Timur 188/29/KPTS-DPRD/060/2014; 2. Keputusan ini berlaku pada tanggal ditetapkan;', 3, 1, '39. KPTS-DPRD_19_Perubahan kesepuluh Komisi-Komisi DPRD Prov Jatim 2018_.pdf', NULL, '2019-12-08', 1, NULL, NULL, 0),
(44, 'RPH/L002-001/KPTS-DPRD/20/2018', '20', 3, 3, 3, 5, '2018-05-25', 'Perubahan Kesembilan Keanggotaan Badan Musyawarah Th 2018', 'Surat Fraksi Partai Demokrat 27/FPD/DPRD-JATIM/V/2018', 'UU 2 Th 1950; UU 12 Th 2011; UU 23 Th 2014; PP 12 Th 2018; Permendagri 80 Th 2015; Peraturan DPRD 1 Th 2014; Keputusan DPRD 188/28/KPTS-DPRD/060/2014;', 'Surat Fraksi Partai Demokrat 27/FPD/DPRD-JATIM/V/2018', '1. Mengubah Lampiran Keputusan DPRD Prov Jawa Timur 188/28/KPTS-DPRD/060/2014; 2. Keputusan mulai berlaku sejak tanggal ditetapkan;', 3, 1, '40. KPTS-DPRD_20_Perubahan Kesembilan Keanggotaan Badan Musyawarah Th 2018.pdf', NULL, '2019-12-08', 1, NULL, NULL, 0),
(45, 'RPH/L002-001/KPTS-DPRD/21/2018', '21', 3, 3, 3, 5, '2018-07-03', 'Penetapan Perda Perubahan Ketiga PT Petrogas Jatim Utama', 'Raperda Perubahan Atas Peraturan Daerah Prov Jawa Timur 1 Th 2006; Pasal 56 Perda Prov Jawa Timur 1 Th 2013;', 'UU 2 Th 1950; UU 22 Th 2001; UU 27 Th 2003; UU 30 Th 2007; UU 40 Th 2007; UU 4 Th 2009; UU 12 Th 2011; UU 23 Th 2014; UU 32 Th 2014; PP 26 Th 1998; PP 35 Th 2004; PP 36 Th 2004; PP 38 2007; PP 16 Th 2010; Permendagri 3 Th 1998; Perda 1 Th 2006; Perda 13 T', 'Hasil Rapat Paripurna DPRD Prov Jawa Timur tanggal 31 Juli 2018;', '1. Menyetujui Raperda Prov Jawa Timur 1 Th 2006 tentang Perseroan Terbatas Petrogas Jatim Utama; 2. Keputusan berlaku pada tanggal ditetapkan;', 3, 1, '41. KPTS-DPRD_21_Penetapan Perda Perubahan Ketiga PT Petrogas Jatim Utama.pdf', NULL, '2019-12-08', 1, NULL, NULL, 0),
(46, 'RPH/L002-001/KPTS-DPRD/22/2018', '22', 3, 3, 3, 5, '2018-07-03', 'Perubahan Kedua Prolegda 2018', 'Perubahan Lampiran Keputusan DPRD Prov jawa Timur 188/27/KPTS-DPRD/050/2017 tentang Program Pembentukan Peraturan Daerah Prov Jawa Timur', 'UU 2 Th 1950; UU 12 Th 2011; UU 23 Th 2014; PP 16 Th 2010; PerPres 87 Th 2014; Permendagri 80 Th 2015; Perda 1 Th 2015; Peraturan DPRD 1 Th 2014; Keputusan DPRD 188/27/KPTS-DPRD/050/2017;', '(-)', '1. Mengubah Lampiran Keputusan DPRD Prov jawa Timur 188/27/KPTS-DPRD/050/2017; 2. Keputusan mulai berlaku sejak tanggal ditetapkan;', 3, 1, '42. KPTS-DPRD_22_Perubahan Kedua prolegda 2018.pdf', NULL, '2019-12-08', 1, NULL, NULL, 0),
(47, 'RPH/L002-001/KPTS-DPRD/23/2018', '23', 3, 3, 3, 5, '2018-07-03', 'Perubahan Kesebelas Komisi-Komisi 2018', 'Keputusan Menteri Dalam Negri No 161.35-1834 Th 2018 dan 161.35-1686 Th 2018', 'UU 2 Th 1950; UU 12 Th 2011; UU 23 Th 2014; PP 16 Th 2010; Permendagri 80 Th 2015; Peraturan DPRD 1 Th 2014; Keputusan DPRD 188/29/KPTS-DPRD/060/2014;', 'Keputusan Menteri Dalam Negri No 161.35-1834 Th 2018 tentang Pemberhentian Anggota; Keputusan Menteri Dalam Negri No 161.35-1835 Th 2018 tentang Pengangkatan Pengganti Antar Waktu', '1. Mengubah Lampiran Keputusan DPRD Prov jawa Timur 188/29/KPTS-DPRD/060/2014; 2. Keputusan ini berlaku pada tanggal ditetapkan;', 3, 1, '43. KPTS-DPRD_23_Perubahan Kesebelas Komisi-Komisi 2018.pdf', NULL, '2019-12-08', 1, NULL, NULL, 0),
(48, 'RPH/L002-001/KPTS-DPRD/24/2018', '24', 3, 3, 3, 5, '2018-07-03', 'Perubaahan Ke Enam Keanggotaan Baperda Prov Jatim 2018', 'Perubahan Alat Kelengkapan DPRD Prov jawa Timur dari Fraksi PKB, perlu mengubah Lampiran Keputusan DPRD 188/30/KPTS-DPRD/060/2014', 'UU 2 Th 1950; UU 12 Th 2011; UU 23 Th 2014; PP 16 Th 2010; Permendagri 80 Th 2015; Peraturan DPRD 1 Th 2014; Keputusan DPRD 188/28/KPTS-DPRD/060/2014;', 'Surat Fraksi PKB 043/PKB/DPRD.JATIM/I/2018;', '1. Mengubah Lampiran Keputusan DPRD Prov jawa Timur 188/32/KPTS-DPRD/060/2014 tentan Penetapan Keanggotaan Badan Kehormatan DPRD Masa Jabatan 2014-2019; 2. Keputusan ini berlaku pada tanggal ditetapkan;', 3, 1, '44. KPTS-DPRD_24_Perubaahan Ke enam Keanggotaan Baperda Prov Jatim 2018.pdf', NULL, '2019-12-08', 1, NULL, NULL, 0),
(49, 'RPH/L002-001/KPTS-DPRD/25/2018', '25', 3, 3, 3, 5, '2018-07-03', 'Persetujuan Usul Prakarsa Raperda Sistem Penanggulan HIV-AIDS', 'Prakarsa Raperda Prov Jawa Timur tentang Sistem Penaggulangan dan pencegahan HIV/AIDS; Pasal 21 Perda 1 Th 2014;', 'UU 2 Th 1950; UU 36 Th 2009; UU 12 Th 2011; UU 23 Th 2014; PerPres 87 Th 2014; Permendagri 80 Th 2015; Perda 1 Th 2015; Peraturan DPRD 1 Th 2014;', 'Hasil Rapat Paripurna DPRD Prov Jawa Timur tanggal 3 Juli 2018;', '1. Memberikan Persetujuan Usul Prakarsa Raperda Prov Jawa Timur tentang Sistem Penanggulangan dan pencegahan HIV/AIDS; 2. Menugaskan kepada Komisi E DPRD Prov Jawa Timur untuk membahas bersama dengan emerintah Prov jawa Timur; 3. Keputusan ini berlaku pad', 3, 1, '45. KPTS-DPRD_25_Persetujuan Usul Prakarsa Raperda Sistem Penanggulan HIV-AIDS.pdf', NULL, '2019-12-08', 1, NULL, NULL, 0),
(50, 'RPH/L002-001/KPTS-DPRD/26/2018', '26', 3, 3, 3, 5, '2018-07-09', 'Persetujuan Usul Prakarsa Raperda Perubahan Perda 3 Tahun 2012 Tentang Pengendalian Sapi Dan Kerbau Beti', 'Prakarsa Raperda tentang Perubahan atas Perda 3 Th 2012 tentang Pengendalian Ternak Sapi dan Kerbau Betina Produktif; Pasal 21 Perda 1 Th 2014;', 'UU 2 Th 1950; UU 18 Th 2009; UU 12 Th 2011; UU 23 Th 2014; PP 22 Th 1983; PP 82 Th 2000; PP 48 Th 2011; PP 87 Th 2014; Permendagri 80 Th 2015; Perda 1 Th 2015; Perda 3 Th 2012; Peraturan DPRD 1 Th 2014;', 'Hasil Rapat Paripurna DPRD Prov Jawa Timur tanggal 9 Juli 2018;', '1. Memberikan Persetujuan Usul Prakarsa Raperda tentang  Pengendalian Ternak Sapi dan Kerbau Betina Produktif; 2. Menugaskan kepada Komisi B DPRD untuk membahas bersama dengan Pemerintah Prov jawa Timur; 3. Keputusan berlaku pada tanggal ditetapkan;', 3, 1, '46. KPTS-DPRD_26_Persetujuan usul prakarsa Raperda Perubahan Perda 3 Tahun 2012 ttg Pengendalian Sapi dan Kerbau Beti.pdf', NULL, '2019-12-08', 1, NULL, NULL, 0),
(51, 'RPH/L002-001/KPTS-DPRD/27/2018', '27', 3, 3, 3, 5, '2018-07-16', 'Penetapan Raperda Tentang Perubahan Atas Perda No 11 Tahun 2016 Tentang Pembentukan Susunan Perangkat Daerah', 'Raperda Perubahan Atas Perda No 11 Th 2016; Pasal 56 Perda No 1 Th 2015;', 'UU 2 Th 1950; UU12 Th 2011; UU 5 Th 2014; UU 23 Th 2014; PP 16 Th 2010; PP 18 Th 2016; PerPres 87 Th 2014; Permendagri 80 Th 2015; Perda 1 Th 2015; Perda 11 Th 2015; Peraturan DPRD 1 Th 2014;', 'Hasil rapat Paripurna DPRD Prov jawa Timur tanggal 16 Juli 2018;', '1. Menyetujui Raperda tentang Perubahan Atas Peraturan Daerah 11 Th 2016; Keputusan berlaku pada tanggal ditetapkan;', 3, 1, '47. KPTS-DPRD_27_Penetapan Raperda ttg Perubahan atas Perda No 11 Tahun 2016 ttg Pembentukan Susunan Perangkat Daerah.pdf', NULL, '2019-12-08', 1, NULL, NULL, 0),
(52, 'RPH/L002-001/KPTS-DPRD/27/2018', '27', 3, 3, 3, 5, '2017-09-08', 'Prolegda 2018', 'Pembentukan Perda dilaksanakan secara terarah, terencana,terpadu,efisien, efektif dan sistematis; Pasal 37 ayat 2 UU 12 Th 2011; Menetapkan Keputusan DPRD tentang Program Pembentukan Peraturan Daerah Prov Jawa Timur;', 'UU 2 Th 1950; UU 12 Th 2011; UU 23 Th 2014; PP 16 Th 2010; PerPres 87 Th 2014; Permendagri 80 Th 2015; Perda 1 Th 2015; Peraturan DPRD 1 Th 2014;', '(-)', '1. Progam Pembentukan tercantum pada lampiran; 2. Program Pembentuka merupakan pedoman bagi DPRD; 3. Program pembentukan harus disertai keterangan mengenai konsepsi Raperda; 4. Program pembentukan dimuat daftar kumulatif terbuka; 5. DPRD dapat mengajukan ', 3, 1, '48. KPTS-DPRD_27_Prolegda 2018.pdf', NULL, '2019-12-08', 1, NULL, NULL, 0),
(53, 'RPH/L002-001/KPTS-DPRD/28/2018', '28', 3, 3, 3, 5, '2018-07-27', 'Penetapan Raperda Tentang Penguatan Toleransi Kebhinekaan', 'Raperda Prov jawa Timur tentang Penguatan Toleransi dan Keberagaman di Jawa Timur; Perubahan judul menjadi Rapperda Prov Jawa Timur tentang Penguatan Toleransi Kebhinekaan; Pasal 56 Peraturan Daerah Prov Jawa Timur 1 Th 2015 tentang Pembentukan Peraturan', 'UU 2 Th 1950; UU 39 Th 1999; UU 11 Th 2005; UU 12 Th 2005; UU 40 Th 2008; UU 12 Th 2011; UU 7 Th 2012; UU 23 Th 2014; PP 2 Th 2015; PP 12 Th 2017; PP 12 Th 2018; Permendagri 80 Th 2015; Perda 1 Th 2015; Peraturan DPRD 1 Th 2014;', 'Hasil Rapat Paripurna  DPRD Prov jawa Timur tanggal 27 Juli 2018;', '1. Menyetujui Raperda Prov Jawa Timur tentang Penguatan Toleransi Kebhinekaan menjadi Perda Prov Jawa Timur; 2. Keputusan Bersama mulai berlaku pada tanggal ditetapkan;', 3, 1, '49. KPTS-DPRD_28_Penetapan Raperda Tentang Penguatan Toleransi Kebhinekaan.pdf', NULL, '2019-12-08', 1, NULL, NULL, 0),
(54, 'RPH/L002-001/KPTS-DPRD/29/2018', '29', 3, 3, 3, 5, '2018-07-27', 'Persetujuan Penggunaan Uang Kas Daerah Untuk Beras Bersubsidi', 'Data BPS Prov Jawa Timur; Kenaikan harga beras periode September 2017; Penganggaran Bantuan Beras Bersubsidi pada anggaran pendapatan dan belanja daerah th 2018 belum memenuhi kebutuhan; Penggunaan Kas Daerah; Persetujuan penggunaan Kas daerah untuk kebut', 'UU 2 Th 1950; UU 17 Th 2003; UU 33 Th 2004; UU 12 Th 2011; UU 23 Th 2014; PP 58 Th 2005;  Permendagri 13 Th 2006; Permendagri 80 Th 2015; Perda 2 Th 2007; Perda 1 Th 2015; Perda 17 Th 2016; Perda 7 Th 2017; Peraturan DPRD 1 Th 2014;', '(-)', '1. Menyetujui penggunaan uang kas daerah untuk kebutuhan bantuan beras bersubsidi th 2018; 2. Keputusan berlaku pada tanggal ditetapkan;', 3, 1, '50. KPTS-DPRD_29_Persetujuan Penggunaan Uang Kas Daerah utk Beras Bersubsidi.pdf', NULL, '2019-12-08', 1, NULL, NULL, 0),
(55, 'RPH/L002-001/KPTS-DPRD/30/2018', '30', 3, 3, 3, 5, '2018-08-03', 'Penetapan Raperda Tentang Perubahan Keempat Penyertaan Modal', 'Raperda Prov Jawa timur tentang Perubahan Atas Perda 8 Th 2013; Pasal 129 Perda Prov Jawa Timur 1 Th 2014 tentang Pembentukan Peraturan Daerah;', 'UU 2Th 1950; UU 17 Th 2003; UU 1 Th 2004; UU 40 Th 2007; UU 12 Th 2011; UU 23 Th 2014; PP 58 Th 2005; PP 39 Th 2007; PP 1 Th 2008; PP 71 Th 2010; PP 27 Th 2014; PP 12 Th 2018; Permendagri 13 Th 2006; Permendagri 52 Th 2012; Permendagri 80 Th 2015; Permend', 'Hasil Rapat Paripurna DPRD tanggal 3 Agustus 2018;', '1. Menyetujui Raperda Prov jawa Timur 8 Th 2013; 2. Keputusan berlaku pada tanggal ditetapkan;', 3, 1, '51. KPTS-DPRD_30_penetapan raperda ttg perubahan keempat penyertaan modal.pdf', NULL, '2019-12-08', 1, NULL, NULL, 0),
(56, 'RPH/L002-001/KPTS-DPRD/31/2018', '31', 3, 3, 3, 5, '2018-08-06', 'Panitia Khusus Pembahas Perda Prov. Jatim Tentang Tata Tertib DPRD', 'Pembahasan Raperda tentang Tata tertib DPRD;', 'UU 2 Th 1950; UU 12 Th 2011; UU 23 Th 2014; UU 12 Th 2018; Permendagri 80 Th 2015;', 'Surat Fraksi PKB 047/FPKB/DPRD.JATIM/III/2018; Surat Fraksi PDIP 044/Ex/F.PDI-P/DPRD JATIM/VII/2018; Surat Fraksi Partai Gerindra 030/FP.GERINDRA/JATIM/III/2018; Surat Fraksi Partai Demokrat 40/FPD/DPRD-JATIM/III/2018; Surat Fraksi Partai Golkar 266/FPG/D', '1. Memutuskan panitia Khusus Pembahas Rancangan peraturan DPRD tentang tata tertib DPRD; 2. Menugaskan Panitia Khusus; 3. Keputusan berlaku pada tanggal ditetapkan;', 3, 1, '52. KPTS-DPRD_31_panitia khusus pembahas Perda Prov. Jatim tentang tata tertib DPRD.pdf', NULL, '2019-12-08', 1, NULL, NULL, 0),
(57, 'RPH/L002-001/KPTS-DPRD/32/2018', '32', 3, 3, 3, 5, '2018-08-31', 'Perubahan Kedua Belas Tentang Penetapan Keanggotaan Komisi-Komisi', 'Keputusan Menteri Dalam Negri No 161.35-5664 Th 2018', 'UU 2 Th 1950; UU 12 Th 2011; UU 23 Th 2014; PP 16 Th 2010; Permendagri 80 Th 2015; Peraturan DPRD 1 Th 2014; Keputusan DPRD 188/29/KPTS-DPRD/060/2014;', 'Keputusan Menteri Dalam Negeri 161.35-5663 Th 2018 Tentang Pemberhentian Anggota; Keputusan Menteri Dalam Negeri 161.35-5664 Th 2018 Tentang Pengangkatan Anggota Baru;', '1. Mengubah Lampiran Keputusan DPRD Prov jawa Timur 188/29/KPTS-DPRD/060/2014; 2. Keputusan ini berlaku pada tanggal ditetapkan;', 3, 1, '53. KPTS-DPRD_32_perubahan kedua belas tentang penetapan keanggotaan komisi-komisi.pdf', NULL, '2019-12-08', 1, NULL, NULL, 0),
(58, 'RPH/L002-001/KPTS-DPRD/33/2018', '33', 3, 3, 3, 5, '2018-08-31', 'Perubahan Kesepuluh Tentang Penetapan Pimpinan Dan Keanggotaan Banmus', 'Surat Fraksi Partai Gerindra No 039/FP.GERINDRA/JATIM/VII/2018;', 'UU 2 Th 1950; UU 12 Th 2011; UU 23 Th 2014; PP 12 Th 2018; Permendagri 80 Th 2015; Peraturan DPRD 1 Th 2014; Keputusan DPRD 188/28/KPTS-DPRD/060/2014;', 'Surat Fraksi Partai Gerindra No 039/FP.GERINDRA/JATIM/VII/2018;', '1. Mengubah Lampiran Keputusan DPRD Prov Jawa Timur 188/28/KPTS-DPRD/060/2014; 2. Keputusan mulai berlaku sejak tanggal ditetapkan;', 3, 1, '54. KPTS-DPRD_33_perubahan kesepuluh tentang penetapan pimpinan dan keanggotaan banmus.pdf', NULL, '2019-12-08', 1, NULL, NULL, 0),
(59, 'RPH/L002-001/KPTS-DPRD/34/2018', '34', 3, 3, 3, 5, '2018-09-05', 'Perubahan Ketiga Prolegda 2018', 'Mengubah Lampiran Keputusan DPRD 188/27/KPTS-DPRD/050/2017', 'UU 2 Th 1950; UU 12 Th 2011; UU 23 Th 2014; PP 16 Th 2010; PerPres 87 Th 2014; Permendagri 80 Th 2015; Perda 1 Th 2015; Peraturan DPRD 1 Th 2014; Keputusan DPRD 188/27/KPTS-DPRD/050/2017;', '(-)', '1. Mengubah Lampiran Keputusan DPRD Prov Jawa Timur 188/27/KPTS-DPRD/050/2017; 2. Keputusan mulai berlaku sejak tanggal ditetapkan;', 3, 1, '55. KPTS-DPRD_34_perubahan ketiga prolegda 2018.pdf', NULL, '2019-12-08', 1, NULL, NULL, 0),
(60, 'RPH/L002-001/KPTS-DPRD/35/2018', '35', 3, 3, 3, 5, '2018-09-12', 'Penetapan Tarif Tenaga Listrik Untuk Proyek Kawasan Industri', 'Pasal 32 UU 30 Th 2009 tentang Ketenagalistrikaan dan Lampiran UU 23 Th 2014;', 'UU 2 Th 1950; UU 30 Th 2009; UU 12 Th 2011; UU 23 Th 2014; PP 14 Th 2012; Permendagri 80 Th 2015; Peraturan DPRD 1 Th 2014;', '(-)', '1. Menyetujui Penetapan Tarif Tenaga Listrik untuk Proyek Kawasan Industri Java Integrated Industrial and Ports Estate; 2. Penetapan tarif tenaga listrik diberikan ke pemegang Izin Usaha Penyediaan Tenaga Listrik; 3. Sebagai bagian dari persetujuan, pemeg', 3, 1, '56. KPTS-DPRD_35_penetapan tarif tenaga listrik untuk proyek kawasan industri.pdf', NULL, '2019-12-08', 1, NULL, NULL, 0),
(61, 'RPH/L002-001/KPTS-DPRD/36/2018', '36', 3, 3, 3, 5, '2018-09-24', 'Penetapan Raperda Tentang Rencana Pembangunan Industri 2018-2038', 'Raperda tentang Rencana Pembangunan Industri Prov Jawa Timur Tahun 2018-2038; Pasal 129 Perda 1 Th 2014;', 'UU 2 Th 1950; UU 41 Th 2009; UU 12 Th 2011; UU 3 Th 2014; UU 23 Th 2014; PP 14 Th 2015; PP 41 Th 2015; PP 142 Th 2015; PP 2 Th 2017; Peraturan Mentri Perindustri 110/M-IND/PER/2015; Permendagri 97 Th 2017; Perda 1 Th 2009; Perda 5 Th 2012; Perda 3 Th 2014', 'Hasil Rapat Paripurna DPRD Prov jawa Timur 24 September 2018;', '1. Menyetujui Penetapan Raperda tentang Rencana Pembangunan Industri Prov Jawa Timur Th 2018-2038; 2. Keputusan berlaku pada tanggal ditetapkan;', 3, 1, '57. KPTS-DPRD_36_Penetapan Raperda tentang Rencana Pembangunan Industri 2018-2038.pdf', NULL, '2019-12-08', 1, NULL, NULL, 0),
(62, 'RPH/L002-001/KPTS-DPRD/37/2018', '37', 3, 3, 3, 5, '2018-10-12', 'Persetujuan Raperda Sapi Dan Kerbau Betina Produktif', 'Raperda tentang Perubahan atas Perda Prov Jawa Timur 3 Th 2012; Pasal 56 Perda Prov jawa timur 1 Th 2015;', 'UU 2 Th 1950; UU 18 Th 2009; UU 12 Th 2011; UU 23 Th 2014; PP 22 Th 1983; PP 82 Th 2000; PP 48 Th 2011; PP 87 Th 2014; Permendagri 80 Th 2015; Perda 1 Th 2015; Perda 3 Th 2012; Peraturan DPRD 1 Th 2014;', 'Hasil Rapat Paripurna DPRD Prov Jawa Timur tanggal 12 Oktober 2018', '1. Menyetujui Raperda Prov Jawa Timur tentang Perubahan atas Perda Prov jawa Timur No 3 Th 2012; 2. Keputusan Bersama mulai berlaku pada tanggal ditetapkan;', 3, 1, '58. KPTS-DPRD_37_Persetujuan Raperda Sapi dan Kerbau Betina Produktif.pdf', NULL, '2019-12-08', 1, NULL, NULL, 0),
(63, 'RPH/L002-001/KPTS-DPRD/37/2018', '37', 3, 3, 3, 5, '2018-10-22', 'Perubahan Ketigabelas Keanggotaan Komisi-Komisi', 'Keputusan Menteri Dalam Negri No 161.35-6140 Th 2018 dan 161.35-7807 Th 2018', 'UU 2 Th 1950; UU 12 Th 2011; UU 23 Th 2014; PP 16 Th 2010; Permendagri 80 Th 2015; Peraturan DPRD 1 Th 2014; Keputusan DPRD 188/29/KPTS-DPRD/060/2014;', 'Keputusan Menteri Dalam Negeri 161.35-6140 Th 2018 Tentang Pemberhentian Anggota; Keputusan Menteri Dalam Negeri 161.35-7807 Th 2018 Tentang Pengangkatan Anggota Baru;', '1. Mengubah Lampiran Keputusan DPRD Prov jawa Timur 188/29/KPTS-DPRD/060/2014; 2. Keputusan ini berlaku pada tanggal ditetapkan;', 3, 1, '59. KPTS-DPRD_37_perubahan ketigabelas keanggotaan komisi-komisi.pdf', NULL, '2019-12-08', 1, NULL, NULL, 0),
(64, 'RPH/L002-001/KPTS-DPRD/38/2018', '38', 3, 3, 3, 5, '2018-10-22', 'Perubahan Kesebelas Pimpinan Dan Keanggotaan Banmus', 'Surat Fraksi PKB No 079/FPKB/DPRD.JATIM/1/2018;', 'UU 2 Th 1950; UU 12 Th 2011; UU 23 Th 2014; PP 12 Th 2010; Permendagri 80 Th 2015; Peraturan DPRD 1 Th 2014; Keputusan SPRD 188/28/KPTS-DPRD/060/2014;', 'Surat Fraksi PKB No 079/FPKB/DPRD.JATIM/1/2018;', '1. Mengubah Lampiran Keputusan DPRD 188/28/KPTS-DPRD/060/2014; 2. Keputusan ini berlaku pada tanggal ditetapkan;', 3, 1, '60. KPTS-DPRD_38_perubahan kesebelas pimpinan dan keanggotaan banmus.pdf', NULL, '2019-12-08', 1, NULL, NULL, 0),
(65, 'RPH/L002-001/KPTS-DPRD/39/2018', '39', 3, 3, 3, 5, '2018-10-22', 'Penetapan Raperda Tentang Tata Tertib DPRD', 'Raperda tentang Tata Tertib DPRD telah selesai dilakukan; Pasal 84 ayat 2 Peraturan Menteri Dalam Negeri  80 Th 2015;', 'UU 2 Th 1950; UU 17 Th 2003; UU 1 Th 2004; UU 2 Th 2008; UU 23 Th 2014; UU 7 Th 2017; PP 58 Th 2005; PP 3 Th 2007; PP 12 Th 2017; PP 18 Th 2017; PP 12 Th 2018; Permen 13 Th 2006; Permen 80 Th 2015; Perda 1 Th 2015; Perda 11 Th 2016;', 'Hasil Rapat Paripurna DPRD Prov jawa Timur tanggal 22 Oktober 2018', '1. Menyetujui Raperda tentang Tata Tertib DPRD untuk ditetapkan menjadi Perda; 2. Keputusan berlaku pada tanggal ditetapkan;', 3, 1, '61. KPTS-DPRD_39_penetapan raperda tentang tata tertib DPRD.pdf', NULL, '2019-12-08', 1, NULL, NULL, 0),
(66, 'RPH/L002-001/KPTS-DPRD/40/2018', '40', 3, 3, 3, 5, '2018-10-22', 'Pembubaran Pansus Pembahas Perda Tentang Tata Tertib DPRD', 'Rancangan Peraturan tentang Tata Tertib DPRD menjadi Peraturan DPRD; Menetapkan Pembubaran Panitia Khusus Pembahas Rancangan Peraturan DPRD tentang Tata Tertib DPRD;', 'UU 2 Th 1950; UU 12 Th 2011; UU 23 Th 2014; PP 12 Th 2018; Permendagri 80 Th 2015; Keputusan DPRD 188/31/KPTS-DPRD/050/2018;', 'Rapat Paripurna DPRD Prov Jawa Timur pada Tanggal 22 Oktober 2018;', '1. Membubarkan Panitia Khusus Pembahas Rancangan Peraturan DPRD Prov Jawa Timur; 2. Keputusan ini berlaku pada tanggal ditetapkan.', 3, 1, '62. KPTS-DPRD_40_pembubaran pansus pembahas perda tentang tata tertib DPRD.pdf', NULL, '2019-12-08', 1, NULL, NULL, 0),
(67, 'RPH/L002-001/KPTS-DPRD/42/2018', '42', 3, 3, 3, 5, '2018-11-05', 'Perubahan Keempat Belas Komisi', 'Keputusan Menteri Dalam Negri No 161.35-8320 Th 2018', 'UU 2 Th 1950; UU 12 Th 2011; UU 23 Th 2014; PP 16 Th 2010; Permendagri 80 Th 2015; Peraturan DPRD 1 Th 2014; Keputusan DPRD 188/29/KPTS-DPRD/060/2014;', 'Keputusan Menteri Dalam Negeri 161.35-8320 Th 2018 Tentang Pengangkatan Anggota Baru; Surat Fraksi PKS 060/FPKS/DPRD.JATIM/X/2018 Perihal Perubahan Alat Kelengkapan Dewan;', '1. Mengubah Lampiran Keputusan DPRD Prov Jawa Timur 188/29/KPTS-DPRD/060/2014; 2. Keputusan ini berlaku pada tanggal ditetapkan;', 3, 1, '63. KPTS-DPRD_42_Perubahan Keempat Belas Komisi.pdf', NULL, '2019-12-08', 1, NULL, NULL, 0),
(68, 'RPH/L002-001/KPTS-DPRD/42/2018', '42', 3, 3, 3, 5, '2018-11-05', 'Perubahan Keempatbelas Tentang Penetapan Keanggotaan Komisi-Komisi', 'Keputusan Menteri Dalam Negri No 161.35-8320 Th 2019', 'UU 2 Th 1950; UU 12 Th 2011; UU 23 Th 2014; PP 16 Th 2010; Permendagri 80 Th 2015; Peraturan DPRD 1 Th 2014; Keputusan DPRD 188/29/KPTS-DPRD/060/2014;', 'Keputusan Menteri Dalam Negeri 161.35-8320 Th 2018 Tentang Pengangkatan Anggota Baru; Surat Fraksi PKS 060/FPKS/DPRD.JATIM/X/2018 Perihal Perubahan Alat Kelengkapan Dewan;', '1. Mengubah Lampiran Keputusan DPRD Prov Jawa Timur 188/29/KPTS-DPRD/060/2014; 2. Keputusan ini berlaku pada tanggal ditetapkan;', 3, 1, '64. KPTS-DPRD_42_perubahan keempatbelas tentang penetapan keanggotaan komisi-komisi.pdf', NULL, '2019-12-08', 1, NULL, NULL, 0),
(69, 'RPH/L002-001/KPTS-DPRD/43/2018', '43', 3, 3, 3, 5, '2018-11-05', 'Perubahan Keduabelas Tentang Penetapan Badan Musyawarah', 'Surat Fraksi PKS 060/FPKS/DPRD.JATIM/I/2018;', 'UU 2 Th 1950; UU 12 Th 2011; UU 23 Th 2014; PP 12 Th 2018; Permendagri 80 Th 2015; Peraturan DPRD 1 Th 2014; Keputusan DPRD 188/28/KPTS-DPRD/060/2014;', 'Surat Fraksi PKS 060/FPKS/DPRD.JATIM/I/2018; Surat Fraksi Partai gerindra 057/FP.GERINDRA/JATIM/XI/2018', '1. Mengubah Lampiran Keputusan DPRD Prov jawa Timur 188/28/KPTS-DPRD/060/2014; 2. Keputusan mulai berlaku sejak tanggal ditetapkan;', 3, 1, '65. KPTS-DPRD_43_perubahan keduabelas tentang penetapan badan musyawarah.pdf', NULL, '2019-12-08', 1, NULL, NULL, 0),
(70, 'RPH/L002-001/KPTS-DPRD/44/2018', '44', 3, 3, 3, 5, '2018-11-05', 'Perubahan Keenam Tentang Keanggotaan Banggar', 'Surat Fraksi PKS 060/FPKS/DPRD.JATIM/I/2018;', 'UU 2 Th 1950; UU 12 Th 2011; UU 23 Th 2014; PP 12 Th 2018; Permendagri 80 Th 2015; Peraturan DPRD 1 Th 2014; Keputusan DPRD 188/28/KPTS-DPRD/060/2014;', 'Surat Fraksi PKS 060/FPKS/DPRD.JATIM/I/2018;', '1. Mengubah Lampiran Keputusan DPRD Prov jawa Timur 188/28/KPTS-DPRD/060/2014; 2. Keputusan mulai berlaku sejak tanggal ditetapkan;', 3, 1, '66. KPTS-DPRD_44_perubahan keenam tentang keanggotaan banggar.pdf', NULL, '2019-12-08', 1, NULL, NULL, 0);
INSERT INTO `produk` (`id`, `no_arsip`, `no_produk`, `lemari`, `ruang`, `rak`, `jenis_produk`, `tgl_penetapan`, `judul`, `menimbang`, `mengingat`, `memperhatikan`, `menetapkan`, `tahun`, `status`, `file`, `keterangan`, `createddate`, `createdby`, `updateddate`, `updatedby`, `deleted`) VALUES
(71, 'RPH/L002-001/KPTS-DPRD/45/2018', '45', 3, 3, 3, 5, '2018-11-05', 'Perubahan Keenam Tentang Penetapan Badan Kehormatan', 'Surat Fraksi PKS 060/FPKS/DPRD.JATIM/I/2018;', 'UU 2 Th 1950; UU 12 Th 2011; UU 23 Th 2014; PP 12 Th 2018; Permendagri 80 Th 2015; Peraturan DPRD 1 Th 2014; Keputusan DPRD 188/28/KPTS-DPRD/060/2014;', 'Surat Fraksi PKS 060/FPKS/DPRD.JATIM/I/2018;', '1. Mengubah Lampiran Keputusan DPRD Prov jawa Timur 188/28/KPTS-DPRD/060/2014; 2. Keputusan mulai berlaku sejak tanggal ditetapkan;', 3, 1, '67. KPTS-DPRD_45_perubahan keenam tentang penetapan badan kehormatan.pdf', NULL, '2019-12-08', 1, NULL, NULL, 0),
(72, 'RPH/L002-001/KPTS-DPRD/46/2018', '46', 3, 3, 3, 5, '2018-11-05', 'Perubahan Keempat Prolegda 2018', 'Lampiran Keputusan DPRD Prov jawa Timur 188/27/KPTS-DPRD/050/2017', 'UU 2 Th 1950; UU 12 Th 2011; UU 23 Th 2014; PP 12 Th 2018; PerPres 87 Th 2014; Permendagri 80 Th 2015; Perda Prov jawa Timur 1 Th 2015; Peraturan DPRD 1 Th 2018; Keputusan DPRD 188/27/KPTS-DPRD/050/2017;', '(-)', '1. Mengubah Lampiran Keputusan DPRD Prov Jawa Timur 188/27/KPTS-DPRD/050/2017; 2. Keputusan mulai berlaku sejak tanggal ditetapkan;', 3, 1, '68. KPTS-DPRD_46_perubahan keempat prolegda 2018.pdf', NULL, '2019-12-08', 1, NULL, NULL, 0),
(73, 'RPH/L002-001/KPTS-DPRD/47/2018', '47', 3, 3, 3, 5, '2018-11-05', 'Pembentukan Pansus LKPJ AMJ Gub Tahun 2014-2019', 'Laporan Keterangan Pertanggungjawaban Gubernur Jawa Timur Akhir Masa Jabatan Masa Periode 2014-2019', 'UU 2 Th 1950; UU 12 Th 2011; UU 23 Th 2014; PP 3 Th 2007; PP 12 Th 2018; Permendagri 80 Th 2015;', 'Surat Fraksi PKB 084/FPKB/DPRD.JATIM/III/2018; Surat Fraksi PDIP 076/Ex/F.PDI-P/DPRD JATIM/VII/2018; Surat Fraksi Partai Gerindra 056/FP.GERINDRA/JATIM/III/2018; Surat Fraksi Partai Demokrat 68/FPD/DPRD-JATIM/III/2018; Surat Fraksi Partai Golkar 277/FPG/D', '1. Membentuk Panitia Khusus Pembahas Laporan Pertanggunjawaban Gubernur Jawa Timur; 2. Menugaskan Panitia Khusus sebagaimana dimaksud Diktum Kesatu; 3. Keputusan ini berlaku pada tanggal ditetapkan;', 3, 1, '69. KPTS-DPRD_47_pembentukan pansus LKPJ AMJ Gub tahun 2014-2019.pdf', NULL, '2019-12-08', 1, NULL, NULL, 0),
(74, 'RPH/L002-001/KPTS-DPRD/48/2018', '48', 3, 3, 3, 5, '2018-11-05', 'Pembentukan Pansus Pelepasan Aset', 'Rencana Pelepasan Aset Pemerintah Prov Jawa Timur', 'UU 2 Th 1950; UU 12 Th 2011; UU 23 Th 2014; PP 12 Th 2018; Permendagri 80 Th 2015; Peraturan DPRD 1 Th 2018; Keputusan DPRD 188/29/KPTS-DPRD/060/2014; Keputusan Pimpinan DPRD 188/8/KPTS-Pimp/050/2017;', 'Surat Fraksi PKB 085/FPKB/DPRD.JATIM/III/2018; Surat Fraksi PDIP 077/Ex/F.PDI-P/DPRD JATIM/VII/2018; Surat Fraksi Partai Gerindra 055/FP.GERINDRA/JATIM/III/2018; Surat Fraksi Partai Demokrat 69/FPD/DPRD-JATIM/III/2018; Surat Fraksi Partai Golkar 278/FPG/D', '1. Membentuk Panitia Khusus Pembahas Pelepasan Aset Pemerintah Prov jawa Timur; 2. Menugaskan Panitia Khusus sebagai mana dimaksud Diktum Kesatu; 3. Keputusan berlaku pada tanggal ditetapkan;', 3, 1, '70. KPTS-DPRD_48_pembentukan pansus pelepasan aset.pdf', NULL, '2019-12-08', 1, NULL, NULL, 0),
(75, 'RPH/L002-001/KPTS-DPRD/49/2018', '49', 3, 3, 3, 5, '2018-11-10', 'Persetujuan Usul Prakarsa Tentang Trantib Menjadi Perda Inisiatif', 'Prakarsa Raperda tentang Ketentraman Ketertiban Umum dan perlindungan Masyarakat; Pasal 196 Peraturan DPRD 1 Th 2018;', 'UU 2 Th 1950; UU 39 Th 1999; UU 12 Th 2011; UU 23 Th 2014; PP 12 Th 2018; PP 16 Th 2018; PP 16 Th 2018; Permendagri 80 Th 2015; Perda 1 Th 2015; Peraturan DPRD 1 Th 2018;', 'Hasil Rapat paripurna DPRD Prov Jawa Timur tanggal 10 Nopember 2018', '1. Memberikan Persetujuan Usul Prakarsa Raperda tentang Ketentraman, Ketertiban Umum dan Perlindungan Masyarakat; 2. Menugaskan Komisi A DPRD untuk membahas bersama Pemerintah Prov Jawa Timur; 3. Jeputusan berlaku pada tanggal ditetapkan;', 3, 1, '71. KPTS-DPRD_49_persetujuan usul prakarsa ttg trantib menjadi perda inisiatif.pdf', NULL, '2019-12-08', 1, NULL, NULL, 0),
(76, 'RPH/L002-001/KPTS-DPRD/50/2018', '50', 3, 3, 3, 5, '2018-11-21', 'PROLEGDA 2019', 'Pembentukan Perda dilaksanakan secara terarah, terencana,terpadu,efisien, efektif dan sistematis; Pasal 37 ayat 2 UU 12 Th 2011; Menetapkan Keputusan DPRD tentang Program Pembentukan Peraturan Daerah Prov Jawa Timur;', 'UU 2 Th 1950; UU 12 Th 2011; UU 23 Th 2014; PP 16 Th 2010; PerPres 87 Th 2014; Permendagri 80 Th 2015; Perda 1 Th 2015; Peraturan DPRD 1 Th 2014;', '(-)', '1. Progam Pembentukan tercantum pada lampiran; 2. Program Pembentuka merupakan pedoman bagi DPRD; 3. Program pembentukan harus disertai keterangan mengenai konsepsi Raperda; 4. Program pembentukan dimuat daftar kumulatif terbuka; 5. DPRD dapat mengajukan ', 3, 1, '72. KPTS-DPRD_50_PROLEGDA 2019.pdf', NULL, '2019-12-08', 1, NULL, NULL, 0),
(77, 'RPH/L002-001/KPTS-DPRD/51/2018', '51', 3, 3, 3, 5, '2018-11-21', 'Rencana Kerja DPRD 2019', 'Melaksanakan Ketentuan Pasal 78 Peraturan DPRD Prov jawa Timur 1 Th 2018 tentang tata tertib DPRD', 'UU 2 Th 1950; UU 17 Th 2003; UU 23 Th 2014; UU 58 Th 2005; PP 18 Th 2017; PP 12 Th 2018; Permendagri 13 Th 2006; Perda 5 th 2017; Pergub 54 Th 2017; Peraturan DPRD 1 Th 2018;', '(-)', '1. Menetapkan rencana Kerja DPRD Prov Jawa Timur; 2. Rincian Rencana Kerja DPRD tertuang dalam lampiran; Keputusan berlaku pada tangga; ditetapkan;', 3, 1, '73. KPTS-DPRD_51_Rencana kerja DPRD 2019.pdf', NULL, '2019-12-08', 1, NULL, NULL, 0),
(78, 'RPH/L002-001/KPTS-DPRD/52/2018', '52', 3, 3, 3, 5, '2018-11-28', 'Penetapan Raperda Tentang PT Bank Jatim Syariah (Perseroda)', 'Raperda tentang PT Bank Jatim Syariah; Pasal 9 ayat 3 Peraturan DPRD;', 'UU 2 Th 1950; UU 7 Th 1992; UU 17 Th 2003; UU 1 Th 2004; UU 40 Th 2007; UU 21 Th 2008; UU 12 Th 2011; UU 23 Th 2014; PP 58 Th 2005; PP 43 Th 2011; PP 54 Th 2017; PP 12 Th 2018; Peraturan Bank Indonesia No 11/3/PBI/2009; Permendagri 52 Th 2012; Permendagri', 'Hasil Rapat paripurna DPRD Prov jawa Timur tanggal 28 Nopember 2018;', '1. Menyetujui Penetapan Raperda Prov Jawa Timur tentang Penyertaan Modal; 2. Keputusan berlaku pada tanggal ditetapkan;', 3, 1, '74. KPTS-DPRD_52_penetapan raperda tentang PT bank jatim syariah (perseroda).pdf', NULL, '2019-12-08', 1, NULL, NULL, 0),
(79, 'RPH/L002-001/KPTS-DPRD/53/2018', '53', 3, 3, 3, 5, '2018-11-28', 'Penetapan Raperda Tentang Perubahan Kelima Tentang Penyertaan Modal', 'Raperda tentang Perubahan atas Perda Prov Jawa Timur 3 Th 2012; Pasal 9 ayat 3 Peraturan DPRD Prov jawa timur 1 Th 2015;', 'UU 2 Th 1950; UU 7 Th 1992; UU 17 Th 2003; UU 1 Th 2004; UU 40 Th 2007; UU 21 Th 2008; UU 12 Th 2011; UU 23 Th 2014; PP 58 Th 2005; PP 43 Th 2011; PP 54 Th 2017; PP 12 Th 2018; Peraturan Bank Indonesia No 11/3/PBI/2009; Permendagri 52 Th 2012; Permendagri', 'Hasil Rapat paripurna DPRD Prov jawa Timur tanggal 28 Nopember 2018;', '1. Menyetujui Penetapan Raperda Prov Jawa Timur tentang PT Bank Jatim Syariah; 2. Keputusan berlaku pada tanggal ditetapkan;', 3, 1, '75. KPTS-DPRD_53_penetapan raperda ttg perubahan kelima ttg penyertaan modal.pdf', NULL, '2019-12-08', 1, NULL, NULL, 0),
(80, 'RPH/L002-001/KPTS-DPRD/54/2018', '54', 3, 3, 3, 5, '2018-12-17', 'Penetapan Rapaerda Tentang HIV Dan AIDS', 'Raperda tentang Penaggulanagan HIV dan AID; Pasal 9 ayat 3 Peraturan DPRD 1 Th 2018;', 'UU 2 Th 1950; UU 36 Th 2009; UU 44 Th 2009; UU 12 Th 2011; UU 23 Th 2014; PP 12 Th 2018; PP 75 Th 2006; Peraturan Mentri Kesehatan 21 Th 2013; Permendagri 80 Th 2015; Peraturan Mentri Sosial 6 Th 2018; Peraturan DPRD 1 Th 2018;', 'Hasil rapat Paripurna DPRD Prov jawa Timur tanggal 17 Desember 2018;', '1. Menyetujui Penetapan Raperda tentang Penanggulangan HI dan AIDS; 2. Keputusan berlaku pada tanggal ditetapkan;', 3, 1, '76. KPTS-DPRD_54_penetapan rapaerda tentang HIV dan AIDS.pdf', NULL, '2019-12-08', 1, NULL, NULL, 0),
(81, 'RPH/L002-001/KPTS-DPRD/55/2018', '55', 3, 3, 3, 5, '2018-12-17', 'Penetapan Raperda Tentang Pembentukan Produk Hukum Daerah', 'Raperda tentang Pembentukan Produk Hukum Daerah; Pasal 9 ayat 3 Peraturan DPRD;', 'UU 2 Th 1950; UU 12 Th 2011; UU 23 Th 2014; PP 12 Th 2018; PerPres 87 Th 2014; Permendagri 80 Th 2015; Peraturan DPRD 1 Th 2018', 'Hasil rapat Paripurna DPRD Prov jawa Timur tanggal 17 Desember 2018;', '1. Menyetujui Penetapan Raperda tentang Pembentukan Produk Hukum Daerah; 2. Keputusan berlaku pada tanggal ditetapkan;', 3, 1, '77. KPTS-DPRD_55_penetapan raperda tentang pembentukan produk hukum daerah.pdf', NULL, '2019-12-08', 1, NULL, NULL, 0),
(82, 'RPH/L002-001/KPTS-DPRD/56/2018', '56', 3, 3, 3, 5, '2018-12-26', 'Rekomendasi Atas LKPJ Gubernur Jatim', 'Peraturan pemerintah 3 Th 2007 tentang Laporan Penyelenggaraan Pemerintah Daerah kepada Pemerintah; Pasal 3 ayat 3 dan ayat 5 Peraturan Pemerintah 3 Th 2007; Rekomendasi Atas laporan Keterangan Pertanggungjawaban Gubernur jawa Timur', 'UU 2 Th 1950; UU 12 Th 2011; UU 23 Th 2014; PP 3 Th 2007; PP 12 Th 2018; Permendagri 80 Th 2015; Peraturan DPRD 1 Th 2018; Keputusan DPRD 188/47/KPTS-DPRD/050/2018;', 'Hasil rapat Paripurna DPRD Prov jawa Timur tanggal 26 Desember 2018;', '1. Menetapkan Rekomendasi atas Laporan Keterangan Pertanggunjawaban Gubernur Jawa timur Masa jabatan 2014-2019; 2. Berupa rekomendasi Hasil Pembahasan Paitia Khusus pembahas Laporan keterangan Pertanggungjawaban Gubernur; 3. Keputusan berlaku pada tanggal', 3, 1, '78. KPTS-DPRD_56_rekomendasi atas LKPJ Gubernur Jatim.pdf', NULL, '2019-12-08', 1, NULL, NULL, 0),
(83, 'RPH/L002-001/KPTS-DPRD/57/2018', '57', 3, 3, 3, 5, '2018-12-26', 'Pembubaran Pansus Pembahas LKPJ Gubernur Jatim', 'Telah disampaikannya Rekomendasi DPRD Prov jatim atas laporan keterangan Pertanggungjawaban Gubernur Masa jabatan 2014-2019; Menetapkan pembubaran panitia khusus pembahas laporan keterangan Pertanggungjawaban Gubernur Masa jabatan 2014-2019;', 'UU 2 Th 1950; UU 12 Th 2011; UU 23 Th 2014; PP 3 Th 2007; PP 12 Th 2018; Permendagri 80 Th 2015; Peraturan DPRD 1 Th 2018; Keputusan DPRD 188/47/KPTS-DPRD/050/2018;', 'Hasil rapat Paripurna DPRD Prov jawa Timur tanggal 26 Desember 2018;', '1. Membubarkan Panitia Khusus Pembahas laporan Keterangan Pertanggung jawaban Gubernu Masa jabata 2014-2019; 2. Keputusan berlaku pada tanggal ditetapkan;', 3, 1, '79. KPTS-DPRD_57_pembubaran pansus pembahas LKPJ Gubernur Jatim.pdf', NULL, '2019-12-08', 1, NULL, NULL, 0),
(84, 'RPH/L002-001/KPTS-DPRD/58/2018', '58', 3, 3, 3, 5, '2018-12-28', 'Penetapan Raperda Tentang Ketentraman, Ketertiban Umum, Dan Perlindungan Masyarakat', 'Raperda Prov Jawa Timur tentang Ketentraman, Ketertiban Umum dan Perlindungan Masyarakat; Pasal 9 ayat 3 Peraturan DPRD Prov Jawa Timur 1 Th 2018;', 'UU 2 Th 1950; UU 39 Th 1999; UU 12 Th 2011; UU 23 Th 2014; PP 12 Th 2018; PP 16 Th 2018; PP 16 Th 2018; Permendagri 80 Th 2015; Perda 1 Th 2015; Peraturan DPRD 1 Th 2018;', 'Hasil rapat Paripurna DPRD Prov jawa Timur tanggal 28 Desember 2018;', '1. Menyetujui Raperda tentang  Ketentraman, Ketertiban Umum dan Perlindungan Masyarakat; 2. Keputusan berlaku pada tanggal ditetapkan;', 3, 1, '80. KPTS-DPRD_58_penetapan raperda tentang ketentraman, ketertiban umum, dan perlindungan masyarakat.pdf', NULL, '2019-12-08', 1, NULL, NULL, 0),
(85, 'RPH/L002-001/KPTS-DPRD/59/2018', '59', 3, 3, 3, 5, '2018-12-28', 'Persetujuan Usul Prakarsa Tentang Penanaman Modal Menjadi Raperda Inisiatif', 'Prakarsa Raperda tentang Penanaman Modal; Pasal 196 Peraturan DPRD;', 'UU 2 Th 1950; UU 25 Th 2007; UU 20 Th 2008; UU 28 Th 2009; UU 12 Th 2011; UU 3 Th 2014; UU 23 Th 2014; PP 45 Th 2008; PP 12 Th 2018; PP 24 Th 2018; PerPres 16 Th 2012; PerPres 97 Th 2014; PerPres 38 Th 2015; PerPres 44 Th 2016; PerPres 91 Th 2017; Permend', 'Hasil rapat Paripurna DPRD Prov jawa Timur tanggal 28 Desember 2018;', '1. Memberikan Persetujuan Usul Prakarsa Raperda tentang penanaman Modal; 2. Menugaskan Komisi C DPRD untuk membahas bersama dengan Pemerintah Prov jawa Timur;', 3, 1, '81. KPTS-DPRD_59_persetujuan usul prakarsa tentang penanaman modal menjadi raperda inisiatif.pdf', NULL, '2019-12-08', 1, NULL, NULL, 0),
(86, 'RPH/L002-001/KPTS-PIMP/1/2018', '1', 3, 3, 3, 6, '2018-01-29', 'Pedoman Jadual Kegiatan Tahunan', 'Jadwal Kegiatan Tahunan DPRD Prov jatim Th 2018;', 'UU 2 Th 1950; UU 23 Th 2014; PP 16 Th 2010; PP 18 Th 2017; Permendagri 13 Th 2006; Permendagri 80 Th 2015; Perda 2 Th 2007; Perda 1 Th 2015; Perda 5 Th 2017; Perda 17 Th 2016; Pergub 133 Th 2016; Pergub 54 Th 2017; Peraturan DPRD 1 Th 2014; Keputusan Pimp', 'Hasil Rapat badan musyawarah DPRD Prov jawa Timur tanggal 28 Desember 2017;', '1. Menetapkan Pedoman Jadwal Kegiatan tahuanan DPRD th 2018; 2. Keputusan berlaku pada tanggal ditetapkan;', 3, 1, '82. KPTS-Pimp_1_Pedoman jadual kegiatan tahunan.pdf', NULL, '2019-12-08', 1, NULL, NULL, 0),
(87, 'RPH/L002-001/KPTS-PIMP/2/2018', '2', 3, 3, 3, 6, '2018-01-29', 'Perubahan Kelima Nama Fraksi Pimpinan Dan Anggota', 'Lampiran Keputusan DPRD Prov jawa Timur 188/27/KPTS-Pimp/060/2014', 'UU 2 Th 1950; UU 12 Th 2011; UU 23 Th 2014; PP 16 Th 2010; Permendagri 80 Th 2015; Peraturan DPRD 1 Th 2014; Keputusan pimpinan 188/11/KPTS-Pimp/060/2014;', 'Surat Fraksi PKB 003/PKB/DPRD.JATIM/I/2018; Surat Fraksi PKS 012/FPKS/DPRD.JATIM/I/2018', '1. Mengubah Lampiran Keputusan Pimpinan DPRD Prov jatim 188/11/KPTS-Pimp/060/2014; 2.  Keputusan berlaku pada tanggal ditetapkan;', 3, 1, '83. KPTS-Pimp_2_perubahan kelima nama fraksi pimpinan dan anggota.pdf', NULL, '2019-12-08', 1, NULL, NULL, 0),
(88, 'RPH/L002-001/KPTS-PIMP/3/2018', '3', 3, 3, 3, 6, '2018-01-29', 'Perubahan Ketiga Komisi-Komisi', 'Lampiran Keputusan DPRD Prov jawa Timur 188/8/KPTS-Pimp/050/2017', 'UU 2 Th 1950; UU 12 Th 2011; UU 23 Th 2014; PP 16 2010; Permendagri 80 Th 2015; Keputusan DPRD 188/29/KPTS-DPRD/060/2014; Keputusan pimpinan 188/8/KPTS-Pimp/050/2017', 'Berita acara pemilihan pimpinan Komisi B DPRD tanggal 29 Januari 2018; Berita acara pemilihan pimpinan Komisi C DPRD tanggal 29 Januari 2018;', '1. Mengubah Lampiran Keputusan Pimpinan DPRD 188/8/KPTS-Pimp/050/2017; 2. Keputusan ini berlaku pada tanggal ditetapkan;', 3, 1, '84. KPTS-Pimp_3_perubahan ketiga komisi-komisi.pdf', NULL, '2019-12-08', 1, NULL, NULL, 0),
(89, 'RPH/L002-001/KPTS-PIMP/4/2018', '4', 3, 3, 3, 6, '2018-01-29', 'Perubahan Keanggotaan BK 2018', 'Lampiran Keputusan DPRD Prov jawa Timur 188/10/KPTS-Pimp/050/2017', 'UU 2 Th 1950; UU 12 Th 2011; UU 23 Th 2014; PP 16 2010; Permendagri 80 Th 2015; Keputusan DPRD 188/32/KPTS-DPRD/060/2014; Keputusan pimpinan 188/10/KPTS-Pimp/050/2018', 'Hasil rapat Paripurna DPRD tanggal 29 januari 2018', '1. Mengubah Lampiran Keputusan Pimpinan DPRD 188/9/KPTS-Pimp/050/2017; 2. Keputusan ini berlaku pada tanggal ditetapkan;', 3, 1, '85. KPTS-Pimp_4_Perubahan keanggotaan BK 2018.pdf', NULL, '2019-12-08', 1, NULL, NULL, 0),
(90, 'RPH/L002-001/KPTS-PIMP/5/2018', '5', 3, 3, 3, 6, '2018-02-01', 'Perubahan Baperda', 'Lampiran Keputusan DPRD Prov jawa Timur 188/9/KPTS-Pimp/050/2018', 'UU 2 Th 1950; UU 12 Th 2011; UU 23 Th 2014; PP 16 2010; Permendagri 80 Th 2015; Keputusan DPRD 188/30/KPTS-DPRD/060/2014; Keputusan pimpinan 188/9/KPTS-Pimp/050/2019', 'Berita acara pemilihan pimpinan badan Legislasi DPRD tanggal 1 pebruari 2018;', '1. Mengubah Lampiran Keputusan Pimpinan DPRD 188/10/KPTS-Pimp/050/2017; 2. Keputusan ini berlaku pada tanggal ditetapkan;', 3, 1, '86. KPTS-Pimp_5_perubahan baperda.pdf', NULL, '2019-12-08', 1, NULL, NULL, 0),
(91, 'RPH/L002-001/KPTS-PIMP/6/2018', '6', 3, 3, 3, 6, '2018-02-02', 'Tata Cara Pelaksanaan Reses', 'Tata cara Reses pada Masa reses I,II,III th 2018 DPRD Prov jatim;', 'UU 2 Th 1950; UU 17 Th 2003; UU 1 Th 2004; UU 23 Th 2014; PP 58 Th 2005; PP 12 Th 2018; PP 18 Th 2017; Perda 5 Th 2017; Pergub 545 Th 2017; Peraturan DPRD 1 Th 2018;', '(-)', '1. Menetapkan Tata cara Pelaksanaan dan Pelaporan Reses pada Masa Reses I, II, III Th 2018; 2. Tata Cara Pelaksanaan dan Pelaporan Reses dengan mengunjungi Daerah Pemilihan; 3. Membebankan biaya pelaksanaan kegiatan Reses I, II, III Th Sidang 2018 Pimpina', 3, 1, '87. KPTS-Pimp_6_tata cara pelaksanaan reses.pdf', NULL, '2019-12-08', 1, NULL, NULL, 0),
(92, 'RPH/L002-001/KPTS-PIMP/7/2018', '7', 3, 3, 3, 6, '2018-03-19', 'Perubahan Keenam Pimpinan Dan Keanggotaan Fraksi', 'Keputusan Menteri Dalam Negri No 161.35-342 Th 2018 dan 161.35-343 Th 2018', 'UU 2 Th 1950; UU 12 Th 2011; UU 23 Th 2014; PP 16 Th 2010; Permendagri 80 Th 2015; Peraturan DPRD 1 Th 2014; Keputusan DPRD 188/11/KPTS-Pimp/060/2014;', 'Keputusan Menteri Dalam Negeri 161.35-342 Th 2018 Tentang Pemberhentian Anggota; Keputusan Menteri Dalam Negeri 161.35-343 Th 2018 Tentang Pengangkatan Pengganti Antar waktu;', '1. Mengubah Lampiran Keputusan DPRD Prov jawa Timur 188/11/KPTS-Pimp/060/2014; 2. Keputusan ini berlaku pada tanggal ditetapkan;', 3, 1, '88. KPTS-Pimp_7_perubahan keenam pimpinan dan keanggotaan fraksi.pdf', NULL, '2019-12-08', 1, NULL, NULL, 0),
(93, 'RPH/L002-001/KPTS-PIMP/8/2018', '8', 3, 3, 3, 6, '2018-03-19', 'Perubahan Keempat Susunan Pimpinan Dan Keanggotaan Komisi-Komisi', 'Lampiran Keputusan DPRD Prov jawa Timur 188/8/KPTS-Pimp/050/2017', 'UU 2 Th 1950; UU 12 Th 2011; UU 23 Th 2014; PP 16 Th 2010; Permendagri 80 Th 2015; Peraturan DPRD 1 Th 2014; Keputusan DPRD 188/29/KPTS-DPRD/060/2017; Keputusan pimpinan 188/8/KPTS-Pimp/050/2017;', '(-)', '1. Mengubah Lampiran Keputusan DPRD Prov jawa Timur 188/8/KPTS-Pimp/050/2017; 2. Keputusan ini berlaku pada tanggal ditetapkan;', 3, 1, '89. KPTS-Pimp_8_perubahan keempat susunan pimpinan dan keanggotaan komisi-komisi.pdf', NULL, '2019-12-08', 1, NULL, NULL, 0),
(94, 'RPH/L002-001/KPTS-PIMP/9/2018', '9', 3, 3, 3, 6, '2018-04-30', 'Perubahan Ketujuh Tentang Penetapan Nama Fraksi Pimpinan Dan Keanggotaan Fraksi', 'Keputusan Menteri Dalam Negri No 161.35-1486 Th 2018', 'UU 2 Th 1950; UU 12 Th 2011; UU 23 Th 2014; PP 16 Th 2010; Permendagri 80 Th 2015; Peraturan DPRD 1 Th 2014; Keputusan Pimpinan 188/11/KPTS-Pimp/060/2014;', 'Keputusan Menteri Dalam Negeri 161.35-1486 Th 2018 Tentang Pemberhentian Anggota; Keputusan Menteri Dalam Negeri 161.35-31487 Th 2018 Tentang Pengangkatan Pengganti Antar waktu; Keputusan Menteri Dalam Negeri 161.35-1490 Th 2018 Tentang Pemberhentian Angg', '1. Mengubah Lampiran Keputusan DPRD Prov jawa Timur 188/11/KPTS-Pimp/060/2014; 2. Keputusan ini berlaku pada tanggal ditetapkan;', 3, 1, '90. KPTS-Pimp_9_perubahan ketujuh tentang penetapan nama fraksi pimpinan dan keanggotaan fraksi.pdf', NULL, '2019-12-08', 1, NULL, NULL, 0),
(95, 'RPH/L002-001/KPTS-PIMP/10/2018', '10', 3, 3, 3, 6, '2018-04-30', 'Perubahan Kelima Tentang Susunan Pimpinan Dan Keanggotaan Komisi-Komisi', 'Lampiran Keputusan DPRD Prov jawa Timur 188/8/KPTS-Pimp/050/2017', 'UU 2 Th 1950; UU 12 Th 2011; UU 23 Th 2014; PP 16 2010; Permendagri 80 Th 2015; Keputusan DPRD 188/29/KPTS-DPRD/060/2014; Keputusan pimpinan 188/8/KPTS-Pimp/050/2017', '(-)', '1. Mengubah Lampiran Keputusan DPRD Prov jawa Timur 188/8/KPTS-Pimp/050/2015; 2. Keputusan ini berlaku pada tanggal ditetapkan;', 3, 1, '91. KPTS-Pimp_10_perubahan kelima tentang susunan pimpinan dan keanggotaan komisi-komisi.pdf', NULL, '2019-12-08', 1, NULL, NULL, 0),
(96, 'RPH/L002-001/KPTS-PIMP/11/2018', '11', 3, 3, 3, 6, '2018-05-11', 'Perubahan Kedelapan Fraksi', 'Keputusan Menteri Dalam Negri No 161.35-1567 Th 2018 dan 161.35-1568 Th 2018', 'UU 2 Th 1950; UU 12 Th 2011; UU 23 Th 2014; PP 16 Th 2010; Permendagri 80 Th 2015; Peraturan DPRD 1 Th 2014; Keputusan DPRD 188/11/KPTS-Pimp/060/2014;', 'Keputusan Menteri Dalam Negeri 161.35-1567 Th 2018 Tentang Pemberhentian Anggota; Keputusan Menteri Dalam Negeri 161.35-1568 Th 2018 Tentang Pengangkatan Pengganti Antar waktu;', '1. Mengubah Lampiran Keputusan DPRD Prov jawa Timur 188/11/KPTS-Pimp/060/2014; 2. Keputusan ini berlaku pada tanggal ditetapkan;', 3, 1, '92. KPTS-Pimp_11_perubahan kedelapan fraksi.pdf', NULL, '2019-12-08', 1, NULL, NULL, 0),
(97, 'RPH/L002-001/KPTS-PIMP/14/2018', '14', 3, 3, 3, 6, '2018-05-25', 'Perubahan Kesembilan Fraksi', 'Keputusan Menteri Dalam Negri No 161.35-1645 Th 2018 dan 161.35-1685 Th 2018', 'UU 2 Th 1950; UU 12 Th 2011; UU 23 Th 2014; PP 16 Th 2010; Permendagri 80 Th 2015; Peraturan DPRD 1 Th 2014; Keputusan DPRD 188/11/KPTS-Pimp/060/2014;', 'Keputusan Menteri Dalam Negeri 161.35-1645 Th 2018 Tentang Pemberhentian Anggota; Keputusan Menteri Dalam Negeri 161.35-1685 Th 2018 Tentang Pemberhentian Anggota; Keputusan Menteri Dalam Negeri 161.35-1686 Th 2018 Tentang Pengangkatan Pengganti Antar wak', '1. Mengubah Lampiran Keputusan DPRD Prov jawa Timur 188/11/KPTS-Pimp/060/2014; 2. Keputusan ini berlaku pada tanggal ditetapkan;', 3, 1, '93. KPTS-Pimp_14_perubahan kesembilan fraksi.pdf', NULL, '2019-12-08', 1, NULL, NULL, 0),
(98, 'RPH/L002-001/KPTS-PIMP/15/2018', '15', 3, 3, 3, 6, '2018-05-25', 'Perubahan Keputusan Pimpinan DPRD Tentang Tata Cara Reses I,II Dan III Tahun 2018', 'Lampiran Keputusan DPRD Prov jawa Timur 188/6/KPTS-Pimp/050/2018', 'UU 2 Th 1950; UU 17 Th 2003; UU 1 Th 2004; UU 23 Th 2014; PP 58 Th 2005; PP 12 Th 2018; PP 18 Th 2017; Perda 5 Th 2017; Pergub 54 Th 2017; Peraturan DPRD 1 Th 2018; Keputusan Pimpinan 188/6/KPTS-Pimp/050/2018', '(-)', '1. Mengubah Lampiran Keputusan DPRD Prov jawa Timur 188/6/KPTS-Pimp/050/2018; 2. Keputusan ini berlaku pada tanggal ditetapkan;', 3, 1, '94. KPTS-Pimp_15_Perubahan Keputusan Pimpinan DPRD tentang Tata Cara Reses I,II dan III Tahun 2018.pdf', NULL, '2019-12-08', 1, NULL, NULL, 0),
(99, 'RPH/L002-001/KPTS-PIMP/16/2018', '16', 3, 3, 3, 6, '2018-05-25', 'Perubahan Ketujuh Tentang Susunan Pimp Dan Keanggotaan Komisi-Komisi', 'Lampiran Keputusan DPRD Prov jawa Timur 188/8/KPTS-Pimp/050/2017', 'UU 2 Th 1950; UU 17 Th 2003; UU 1 Th 2004; UU 23 Th 2014; PP 58 Th 2005; PP 12 Th 2018; PP 18 Th 2017; Perda 5 Th 2017; Pergub 54 Th 2017; Peraturan DPRD 1 Th 2018; Keputusan Pimpinan 188/8/KPTS-Pimp/050/2017', '(-)', '1. Mengubah Lampiran Keputusan DPRD Prov jawa Timur 188/8/KPTS-Pimp/050/2017; 2. Keputusan ini berlaku pada tanggal ditetapkan;', 3, 1, '95. KPTS-Pimp_16_Perubahan ketujuh ttg susunan pimp dan keanggotaan komisi-komisi.pdf', NULL, '2019-12-08', 1, NULL, NULL, 0),
(100, 'RPH/L002-001/KPTS-PIMP/17/2018', '17', 3, 3, 3, 6, '2018-07-03', 'Perubahan Kesepuluh Tentang Penetapan Nama Fraksi Pimp Dan Anggota Fraksi', 'Keputusan Menteri Dalam Negri No 161.35-1834 Th 2018', 'UU 2 Th 1950; UU 12 Th 2011; UU 23 Th 2014; PP 16 Th 2010; Permendagri 80 Th 2015; Peraturan DPRD 1 Th 2014; Keputusan Pimpinan DPRD 188/11/KPTS-Pimp/060/2014;', 'Keputusan Menteri Dalam Negeri 161.35-1834 Th 2018 Tentang Pemberhentian Anggota; Keputusan Menteri Dalam Negeri 161.35-1835 Th 2018 Tentang Pengangkatan Pengganti Antar waktu;', '1. Mengubah Lampiran Keputusan DPRD Prov jawa Timur 188/11/KPTS-Pimp/060/2014; 2. Keputusan ini berlaku pada tanggal ditetapkan;', 3, 1, '96. KPTS-Pimp_17_perubahan kesepuluh ttg penetapan nama fraksi pimp dan anggota fraksi.pdf', NULL, '2019-12-08', 1, NULL, NULL, 0),
(101, 'RPH/L002-001/KPTS-PIMP/18/2018', '18', 3, 3, 3, 6, '2018-07-03', 'Perubahan Kedelapan Keputusan Pimpinan DPRD Tentang Komisi-Komisi', 'Lampiran Keputusan DPRD Prov jawa Timur 188/8/KPTS-Pimp/050/2017', 'UU 2 Th 1950; UU 17 Th 2003; UU 1 Th 2004; UU 23 Th 2014; PP 58 Th 2005; PP 12 Th 2018; PP 18 Th 2017; Perda 5 Th 2017; Pergub 54 Th 2017; Peraturan DPRD 1 Th 2018; Keputusan Pimpinan 188/8/KPTS-Pimp/050/2017', '(-)', '1. Mengubah Lampiran Keputusan DPRD Prov jawa Timur 188/8/KPTS-Pimp/050/2017; 2. Keputusan ini berlaku pada tanggal ditetapkan;', 3, 1, '97. KPTS-Pimp_18_Perubahan Kedelapan Keputusan Pimpinan DPRD ttg Komisi-Komisi.pdf', NULL, '2019-12-08', 1, NULL, NULL, 0),
(102, 'RPH/L002-001/KPTS-PIMP/19/2018', '19', 3, 3, 3, 6, '2018-07-03', 'Perubahan Kedua Atas Keputusan Pimpinan DPRD Tentang Keanggotaan Balegda Provinsi Jawa Timur', 'Lampiran Keputusan DPRD Prov jawa Timur 188/9/KPTS-Pimp/050/2017', 'UU 2 Th 1950; UU 17 Th 2003; UU 1 Th 2004; UU 23 Th 2014; PP 58 Th 2005; PP 12 Th 2018; PP 18 Th 2017; Perda 5 Th 2017; Pergub 54 Th 2017; Peraturan DPRD 1 Th 2018; Keputusan Pimpinan 188/9/KPTS-Pimp/050/2017', '(-)', '1. Mengubah Lampiran Keputusan DPRD Prov jawa Timur 188/9/KPTS-Pimp/050/2017; 2. Keputusan ini berlaku pada tanggal ditetapkan;', 3, 1, '98. KPTS-Pimp_19_Perubahan Kedua Atas Keputusan.pimpinan DPRD ttg Keanggotaan Balegda Provinsi Jawa Timur.pdf', NULL, '2019-12-08', 1, NULL, NULL, 0),
(103, 'RPH/L002-001/KPTS-PIMP/20/2018', '20', 3, 3, 3, 6, '2018-08-06', 'Susunan Pimpinan Dan Keanggotaan Pansus Tatib', 'Susunan Pimpinan dan Keanggotaan panitia khusus pembahas peraturan DPRD tentang tata tertib DPRD;', 'UU 2 Th 1950; UU 12 Th 2011; UU 23 Th 2014; PP 12 Th 2018; Permendagri 80 Th 2015; Peraturan DPRD 1 Th 2014; Keputusan DPRD 188/31/KPTS-DPRD/050/2018;', 'Berita acara hasil pemilihan Pimpinan Panitia Khusus Pembahas Peraturan DPRD tentang tata tertib DPRD Prov Jawa Timur', '1. Menetapkan Susunan Pimpinan dan keanggotaan panitia Khusus Pembahas Peraturan DPRD Prov Jawa Timur; 2. Keputusan ini berlaku pada tanggal ditetapkan;', 3, 1, '99. KPTS-Pimp_20_susunan pimpinan dan keanggotaan pansus tatib.pdf', NULL, '2019-12-08', 1, NULL, NULL, 0),
(104, 'RPH/L002-001/KPTS-PIMP/21/2018', '21', 3, 3, 3, 6, '2018-08-06', 'Persetujuan Terhadap Penyempurnaa Dan Penyusuaian Hasil Evaluasi Raperda Tentang Pertanggungjawaban Pelaksanaan APBD TA 2017 Dan Rapergub  Tentang Penjabarab Pertanggungjawaban APBD TA 2017', '', '', '', '', 3, 1, '100. KPTS-Pimp_21_persetujuan terhdp penyempurnaa dan penyusuaian hasil evaluasi Raperda ttg pertanggungjawaban pelaksanaan APBD TA 2017 dan rapergub  ttg penjabarab pertanggungjawaban APBD TA 2017.pdf', NULL, '2019-12-08', 1, NULL, NULL, 0),
(105, 'RPH/L002-001/KPTS-PIMP/21/2018', '21', 3, 3, 3, 6, '2018-08-06', 'Persetujuan Terhadap Penyempurnaan dan Hasil Evaluasi Raperda Prov. Jatim Tentang Pertanggungjawaban Pelaksanaan APBD TA 2017 dan Rapergub Tentang Penjabaran Pertanggungjawaban Pelaksanaan APBD TA 2017', '', '', '', '', 3, 1, '101. KPTS-Pimp_21_prstjn trhdp penyempurnaan & hsl evaluasi Raperda Prov. Jatim ttg pertanggungjawaban pelaksanaan APBD TA 2017 & Rapergub ttg penjabaran pertanggungjawaban pelaksanaan APBD TA 2017.pdf', NULL, '2019-12-08', 1, NULL, NULL, 0),
(106, 'RPH/L002-001/KPTS-PIMP/22/2018', '22', 3, 3, 3, 6, '2018-08-31', 'Perubahan Kesebelas Fraksi DPRD Provinsi Jawa Timur', 'Keputusan Menteri Dalam Negri No 161.35-5663 Th 2018 dan Keputusan Menteri Dalam Negri No 161.35-5664 Th 2018', 'UU 2 Th 1950; UU 12 Th 2011; UU 23 Th 2014; PP 16 Th 2010; Permendagri 80 Th 2015; Peraturan DPRD 1 Th 2014; Keputusan Pimpinan DPRD 188/11/KPTS-Pimp/060/2014;', 'Keputusan Menteri Dalam Negeri 161.35-5663 Th 2018 Tentang Pemberhentian Anggota; Keputusan Menteri Dalam Negeri 161.35-5664 Th 2018 Tentang Pengangkatan Pengganti Antar waktu;', '1. Mengubah Lampiran Keputusan DPRD Prov jawa Timur 188/11/KPTS-Pimp/060/2014; 2. Keputusan ini berlaku pada tanggal ditetapkan;', 3, 1, '102. KPTS-Pimp_22_Perubahan Kesebelas Fraksi DPRD Provinsi Jawa Timur.pdf', NULL, '2019-12-08', 1, NULL, NULL, 0),
(107, 'RPH/L002-001/KPTS-PIMP/22/2018', '22', 3, 3, 3, 6, '2018-08-31', 'Perubahan Kesebelas Penetapan Nama Fraksi Pimpinandan Anggota', 'Keputusan Menteri Dalam Negri No 161.35-5663 Th 2018 dan Keputusan Menteri Dalam Negri No 161.35-5664 Th 2019', 'UU 2 Th 1950; UU 12 Th 2011; UU 23 Th 2014; PP 16 Th 2010; Permendagri 80 Th 2015; Peraturan DPRD 1 Th 2014; Keputusan Pimpinan DPRD 188/11/KPTS-Pimp/060/2014;', 'Keputusan Menteri Dalam Negeri 161.35-5663 Th 2018 Tentang Pemberhentian Anggota; Keputusan Menteri Dalam Negeri 161.35-5664 Th 2018 Tentang Pengangkatan Pengganti Antar waktu;', '1. Mengubah Lampiran Keputusan DPRD Prov jawa Timur 188/11/KPTS-Pimp/060/2014; 2. Keputusan ini berlaku pada tanggal ditetapkan;', 3, 1, '103. KPTS-Pimp_22_perubahan kesebelas penetapan nama fraksi pimpinandan anggota.pdf', NULL, '2019-12-08', 1, NULL, NULL, 0),
(108, 'RPH/L002-001/KPTS-PIMP/23/2018', '23', 3, 3, 3, 6, '2018-08-31', 'Perubahan Kesembilan Susunan Pimpinan Dan Keanggotaaan Komisi-Komisi', 'Lampiran Keputusan DPRD Prov jawa Timur 188/9/KPTS-Pimp/050/2017', 'UU 2 Th 1950; UU 17 Th 2003; UU 1 Th 2004; UU 23 Th 2014; PP 58 Th 2005; PP 12 Th 2018; PP 18 Th 2017; Perda 5 Th 2017; Pergub 54 Th 2017; Peraturan DPRD 1 Th 2018; Keputusan Pimpinan 188/8/KPTS-Pimp/050/2017', '(-)', '1. Mengubah Lampiran Keputusan DPRD Prov jawa Timur 188/8/KPTS-Pimp/050/2017; 2. Keputusan ini berlaku pada tanggal ditetapkan;', 3, 1, '104. KPTS-Pimp_23_perubahan kesembilan susunan pimpinan dan keanggotaaan komisi-komisi.pdf', NULL, '2019-12-08', 1, NULL, NULL, 0),
(109, 'RPH/L002-001/KPTS-PIMP/23/2018', '23', 3, 3, 3, 6, '2018-08-31', 'Perubahan Kesembilan Tentang Susunan Pimpinan Dan Keanggotaan Komisi-Komisi', 'Lampiran Keputusan DPRD Prov jawa Timur 188/9/KPTS-Pimp/050/2018', 'UU 2 Th 1950; UU 17 Th 2003; UU 1 Th 2004; UU 23 Th 2014; PP 58 Th 2005; PP 12 Th 2018; PP 18 Th 2017; Perda 5 Th 2017; Pergub 54 Th 2017; Peraturan DPRD 1 Th 2018; Keputusan Pimpinan 188/8/KPTS-Pimp/050/2018', '(-)', '1. Mengubah Lampiran Keputusan DPRD Prov jawa Timur 188/8/KPTS-Pimp/050/2017; 2. Keputusan ini berlaku pada tanggal ditetapkan;', 3, 1, '105. KPTS-Pimp_23_Perubahan kesembilan tentang Susunan Pimpinan dan Keanggotaan Komisi-Komisi.pdf', NULL, '2019-12-08', 1, NULL, NULL, 0),
(110, 'RPH/L002-001/KPTS-PIMP/24/2018', '24', 3, 3, 3, 6, '2018-10-04', 'Persetujuan Evaluasi Dan Penyempurnaan PAPBD Tahun 2018', 'Raperda tentang Perubaham Anggaran 2018; perlu disempurnakan, disesuaikan dan ditetapkan dalam suatu Keputusan Pimpinan DPRD;', 'UU 2 Th 1950; UU 17 Th 2003; Uu 33 Th 2004; UU 12 Th 2011; UU 23 Th 2014; PP 58 Th 2005; PP 79 Th 2005; Permendagri 13 Th 2006; Permendagri 80 Th 2015; Permendagri 33 Th 2017; Perda 2 Th 2007; Perda 9 Th 2017; Pergub 84 Th 2017; Peraturan DPRD 1 Th 2014;', 'Keputusan Mendagri 903.7397 Th 2018; Surat Gubernur 903/7751/203.2/2018', '1. Menyetujui Penyempurnaan dan Penyesuainan Hasil Evaluasi terhadap rancangan Perda tetnag Pertanggungjawaban Pelaksanaan Anggaran Pendapatan dan Belanja Daerah Prov Jatim; 2. Menyetujui Gubernur untuk menindak lanjuti Persetujuan Pimpinan DPRD Prov Jati', 3, 1, '106. KPTS-Pimp_24_Persetujuan Evaluasi dan Penyempurnaan PAPBD Tahun 2018.pdf', NULL, '2019-12-08', 1, NULL, NULL, 0),
(111, 'RPH/L002-001/KPTS-PIMP/28/2018', '28', 3, 3, 3, 6, '2018-11-05', 'Perubahan Ketigabelas Keputusan Pimpinan DPRD Fraksi-Fraksi', 'Keputusan Menteri Dalam Negri No 161.35-8320 Th 2018', 'UU 2 Th 1950; UU 12 Th 2011; UU 23 Th 2014; PP 16 Th 2010; Permendagri 80 Th 2015; Peraturan DPRD 1 Th 2014; Keputusan Pimpinan DPRD 188/11/KPTS-Pimp/060/2014;', 'Keputusan Menteri Dalam Negeri 161.35-8320 Th 2018 Tentang Pengangkatan Pengganti Antar waktu;', '1. Mengubah Lampiran Keputusan DPRD Prov jawa Timur 188/11/KPTS-Pimp/060/2014; 2. Keputusan ini berlaku pada tanggal ditetapkan;', 3, 1, '107. KPTS-Pimp_28_perubahan ketigabelas keputusan Pimpinan DPRD Fraksi-fraksi.pdf', NULL, '2019-12-08', 1, NULL, NULL, 0),
(112, 'RPH/L002-001/KPTS-PIMP/31/2018', '31', 3, 3, 3, 6, '2018-12-27', 'Persetujuan Terhadap Hasil Evaluasi APBD 2019 dan Rapergub PAPBD 2019', 'Raperda tentang Anggaran Pendapatan dan Belanja Daerah Th Anggaran 2019; Perlu disempurnakan dan disesuaikan;', 'UU 2 Th 1950; UU 17 Th 2003; UU 33 Th 2004; UU 12 Th 2011; UU 23 Th 2014; PP 58 Th 2005; PP 79 Th 2005; Permendagri 13 Th 2006; Permendagri 80 Th 2015; Permendagri 33 Th 2017; Perda 2 Th 2007;  Peraturan DPRD 1 Th 2018;', 'Keputusan Mendagri 903.8739 Th 2018; Surat Gubernur 903/10843/203.2/2018', '1. Menyetujui Penyempurnaan dan Penyesuainan Hasil Evaluasi terhadap rancangan Perda tentang Anggaran Pendapatan dan Belanja Daerah Prov Jatim; 2. Menyetujui Gubernur untuk menindak lanjuti Persetujuan Pimpinan DPRD Prov Jatim; 3. Hasil Pembahasan Evaluas', 3, 1, '108. KPTS-Pimp_31_persetujuan terhadap hasil evaluasi APBD 2019 & rapergub PAPBD 2019.pdf', NULL, '2019-12-08', 1, NULL, NULL, 0),
(113, 'RPH/L002-001/KB/1/2019', '1', 3, 3, 3, 3, '2019-02-11', 'Persetujuan Bersama Penetapan Raperda Penanaman Modal', 'Raperda Penanaman Modal; Pasal 56 Perda No 1 Th 2015', 'UU 2 Th. 1950; UU 25 Th. 2007; UU 40 Th. 2007; UU 20 Th. 2008; UU 20 Th. 2009; UU 28 Th. 2009; UU 32 Th. 2009; UU 12 Th. 2011; UU 3 Th 2014; UU 23 Th. 2014; UU 45 Th. 2008; UU 12 Th. 2018; UU 24 Th. 2018; UU 16 Th. 2012; UU 44 Th. 2016; PerPres 91 Th. 201', 'Keputusan DPRD No 188/2/KPTS-DPRD/050/2019', '1. Menyetujui RAPERDA Prov Jawa Timur tentang Penanaman Modal untuk ditetapkan menjadi Perda Prov Jawa Timur; 2. Keputusan Bersama ini mulai berlaku pada tanggal ditetapkan;', 4, 1, '109. KB_1_persetujuan bersama penetapan raperda penanaman modal.pdf', NULL, '2019-12-08', 1, NULL, NULL, 0),
(114, 'RPH/L002-001/KB/3/2019', '3', 3, 3, 3, 3, '2019-06-02', 'Penetapan Raperda Prov. Jatim No 1 Tahun 2012 Tentang Retribusi Daerah', 'Raperda Retribusi Daerah;Pasal 56 Perda No. 13 Th. 2018', 'UU 2 Th. 1950; UU 25 Th. 2009; UU 28 Th. 2009; UU 12 Th. 2011; UU 23 Th. 2014;  PP 97 Th. 2012; PP 18 Th. 2016; PP 12 Th. 2019; PerPres 20 Th. 2018; Permendagri 13 Th. 2006; Permendagri 80 Th. 2015; Perda Prov Jawa Timur 1 Th. 2012; Perda Prov Jawa Timur ', 'Keputusan DPRD No 188/11/KPTS-DPRD/050/2019', '1. Menyetujui Raperda Prov Jawa Timur tentang Retribusi Daerah untuk ditetapkan menjadi Peraturan Daerah Prov Jawa Timur; 2. Keputusan Bersama ini mulai berlaku pada tanggal ditetapkan;', 4, 1, '110. KB_3_penetapan raperda Prov. Jatim no 1 tahun 2012 tentang retribusi daerah.pdf', NULL, '2019-12-08', 1, NULL, NULL, 0),
(115, 'RPH/L002-001/KB/4/2019', '4', 3, 3, 3, 3, '2019-07-08', 'Penetapan Raperda Prov. Jatim Tentang Pertenggungjawaban PAPBD Prov. Jatim TA 2018 (Stempel)', 'Raperda Pertanggungjawaban Pelaksanaan Anggaram Pendapatan dan Belanja Daerah; Pasal 320 UU 23 Th. 2014', 'UU 2 Th. 1950; UU 17 Th 2003; UU 33 Th 2004; UU 12 Th 2011; UU 23 Th 2014; PP 71 Th 2010; Permendagri 13 Th 2006; Permendagri 80 Th 2015; Perda Prov Jawa Timur 2 Th 2007; Perda Prov Jawa Timur 1 Th 2015; Perda Prov Jawa Timur 9 Th 2017; Perda Prov Jawa Ti', 'Pendapat Akhir Fraksi Fraksi DPRD Prov Jawa Timur 8 Juli 2019', '1. Menyetujui Rancangan Perda Prov Jawa Timur tentang Pertanggungjawaban Pelaksanaan Anggaran Pendapatan dan Belanja Daerah Tahun Anggaran 2018; 2. Laporan Realisasi Anggaran Pendapatan dan Belanja Daerah Prov Jawa Timur; 3. Laporan Realisasi Anggaran seb', 4, 1, '111. KB_4_penetapan Raperda Prov. Jatim tentang Pertenggungjawaban PAPBD Prov. Jatim TA 2018 (stempel).pdf', NULL, '2019-12-08', 1, NULL, NULL, 0),
(116, 'RPH/L002-001/KB/4/2019', '4', 3, 3, 3, 3, '2019-07-08', 'Penetapan Raperda Prov. Jatim Tentang Pertenggungjawaban PAPBD Prov. Jatim TA 2018', 'Raperda Pertanggungjawaban Pelaksanaan Anggaram Pendapatan dan Belanja Daerah; Pasal 320 UU 23 Th. 2014', 'UU 2 Th. 1950; UU 17 Th 2003; UU 33 Th 2004; UU 12 Th 2011; UU 23 Th 2014; PP 71 Th 2010; Permendagri 13 Th 2006; Permendagri 80 Th 2015; Perda Prov Jawa Timur 2 Th 2007; Perda Prov Jawa Timur 1 Th 2015; Perda Prov Jawa Timur 9 Th 2017; Perda Prov Jawa Ti', 'Pendapat Akhir Fraksi Fraksi DPRD Prov Jawa Timur 8 Juli 2019', '1. Menyetujui Rancangan Perda Prov Jawa Timur tentang Pertanggungjawaban Pelaksanaan Anggaran Pendapatan dan Belanja Daerah Tahun Anggaran 2018; 2. Laporan Realisasi Anggaran Pendapatan dan Belanja Daerah Prov Jawa Timur; 3. Laporan Realisasi Anggaran seb', 4, 1, '112. KB_4_penetapan Raperda Prov. Jatim tentang Pertenggungjawaban PAPBD Prov. Jatim TA 2018.pdf', NULL, '2019-12-08', 1, NULL, NULL, 0),
(117, 'RPH/L002-001/KB/5/2019', '5', 3, 3, 3, 3, '2019-07-08', 'Penetapan Raperda Tentang Perubahan Kedua Atas Perda No. 11 Thn 2016 Tentang Pembentukan Dan Susunan Perangkat Daerah (Stempel)', 'Perubahan Kedua Perda Prov Jawa Timur 11 Th 2016; Pasal 56 Perda Prov Jawa Timur 13 Th 2018', 'UU 2 Th. 1950; UU 12 Th 2011; UU 5 Th 2014; UU 23 Th 2014; PP 18 Th 2016; PP 12 Th 2018; PerPres 87 Th 2014; Permendagri 80 Th 2015; Perda Prov Jawa Timur 11 Th 2016; Perda Prov Jawa Timur 13 Th 2018; Peraturan DPRD Prov Jawa Timur 1 Th 2018;', 'Keputusan DPRD Prov Jawa Timur No 188/12/KPTS-DPRD/050/2019', '1. Menyetujui Rancangan Perda Prov jawa Timur tentang Perubahan Kedua Atas Perda Prov Jawa Timur 11 Th 2016; 2. Persetujuan Bersama ini mulai berlaku pada tanggal ditetapkan;', 4, 1, '113. KB_5_Penetapan Raperda tentang perubahan kedua atas Perda no. 11 thn 2016 tentang pembentukan dan susunan perangkat daerah (stempel).pdf', NULL, '2019-12-08', 1, NULL, NULL, 0),
(118, 'RPH/L002-001/KB/5/2019', '5', 3, 3, 3, 3, '2019-07-08', 'Penetapan Raperda Tentang Perubahan Kedua Atas Perda No. 11 Thn 2016 Tentang Pembentukan Dan Susunan Perangkat Daerah', 'Perubahan Kedua Perda Prov Jawa Timur 11 Th 2016; Pasal 56 Perda Prov Jawa Timur 13 Th 2018', 'UU 2 Th. 1950; UU 12 Th 2011; UU 5 Th 2014; UU 23 Th 2014; PP 18 Th 2016; PP 12 Th 2018; PerPres 87 Th 2014; Permendagri 80 Th 2015; Perda Prov Jawa Timur 11 Th 2016; Perda Prov Jawa Timur 13 Th 2018; Peraturan DPRD Prov Jawa Timur 1 Th 2018;', 'Keputusan DPRD Prov Jawa Timur No 188/12/KPTS-DPRD/050/2019', '1. Menyetujui Rancangan Perda Prov jawa Timur tentang Perubahan Kedua Atas Perda Prov Jawa Timur 11 Th 2016; 2. Persetujuan Bersama ini mulai berlaku pada tanggal ditetapkan;', 4, 1, '114. KB_5_Penetapan Raperda tentang perubahan kedua atas Perda no. 11 thn 2016 tentang pembentukan dan susunan perangkat daerah.pdf', NULL, '2019-12-08', 1, NULL, NULL, 0),
(119, 'RPH/L002-001/KB/6/2019', '6', 3, 3, 3, 3, '2019-07-10', 'Penetapan Raperda RPJMD 2019-2024', 'Raperda Rencana Pembangunan Jangka Menengah Daerah Prov Jawa Timur Th 2019-2024; Pasal 56 Perda Prov Jawa Timur 13 Th 2018;', 'UU 2 Th 1950; UU 17 Th 2003; UU 25 Th 2004; UU 17 Th 2007; UU 26 Th 2007; UU 12 Th 2011; UU 23 Th 2014; PP 18 Th 2016; PP 12 Th 2018; PP 12 Th 2019; PP 13 Th 2019; PerPres 87 Th 2014; Permendagri 80 Th 2015; Permendagri 86 Th 2017; Permendagri 7 Th 2018; ', 'Keputusan DPRD No 188/13/KPTS-DPRD/050/2019', '1. Menyetujui Raperda Prov Jawa Timur tentang Rencana Pembangunan Jangka Menengah Daerah Prov Jawa Timur; 2. Persetujuan Bersama ini mulai berlaku pada tanggal ditetapkan;', 4, 1, '115. KB_6_Penetapan Raperda RPJMD 2019-2024.pdf', NULL, '2019-12-08', 1, NULL, NULL, 0),
(120, 'RPH/L002-001/KB/6/2019', '6', 3, 3, 3, 3, '2019-07-10', 'Penetapan Raperda Tentang RPJMD Prov. Jatim Tahun 2019-2024', 'Raperda Rencana Pembangunan Jangka Menengah Daerah Prov Jawa Timur Th 2019-2024; Pasal 56 Perda Prov Jawa Timur 13 Th 2018;', 'UU 2 Th 1950; UU 17 Th 2003; UU 25 Th 2004; UU 17 Th 2007; UU 26 Th 2007; UU 12 Th 2011; UU 23 Th 2014; PP 18 Th 2016; PP 12 Th 2018; PP 12 Th 2019; PP 13 Th 2019; PerPres 87 Th 2014; Permendagri 80 Th 2015; Permendagri 86 Th 2017; Permendagri 7 Th 2018; ', 'Keputusan DPRD No 188/13/KPTS-DPRD/050/2019', '1. Menyetujui Raperda Prov Jawa Timur tentang Rencana Pembangunan Jangka Menengah Daerah Prov Jawa Timur; 2. Persetujuan Bersama ini mulai berlaku pada tanggal ditetapkan;', 4, 1, '116. KB_6_Penetapan RAperda tentang RPJMD Prov. JAtim Tahun 2019-2024.pdf', NULL, '2019-12-08', 1, NULL, NULL, 0),
(121, 'RPH/L002-001/KB/7/2019', '7', 3, 3, 3, 3, '2019-07-26', 'Penetapan Raperda Prov. Jatim Tentang Rencana Uum Energi Daerah Prov. Jatim Thn 2019-2050', 'Raperda Rencana Umum Energi Daerah Prov Jawa Timur Th 2019-2050; Pasal 56 Perda Prov Jawa Timur 13 Th 2018 Pembentukan Produk Hukum Daerah;', 'UU 2 Th 1950; UU 30 Th 2007; UU 32 Th 2009; UU 12 Th 2011; UU 23 Th 2014; PP 70 Th 2009; PP 79 Th 2014; PP 12 Th 2018; PerPres 1 Th 2014; PerPres 22 Th 2017; Permendagri 80 Th 2015; Perda Prov Jawa Timur 1 Th 2009; Perda Prov Jawa Timur 13 Th 2018; Peratu', 'Keputusan DPRD No 188/14/KPTS-DPRD/050/2019', '1. Menyetujui Raperda Prov Jawa Timur tentang Rencana Umum Energi Daerah Prov Jawa Timur Th 2019-2050; 2. Persetujuan Bersama ini mulai berlaku pada tanggal ditetapkan;', 4, 1, '117. KB_7_penetapan Raperda Prov. Jatim tentang rencana uum energi daerah Prov. Jatim thn 2019-2050.pdf', NULL, '2019-12-08', 1, NULL, NULL, 0),
(122, 'RPH/L002-001/KB/10/2019', '10', 3, 3, 3, 3, '2019-08-16', 'Penetapan Raperda Prov. Jatim Tentang BUMD', 'Raperda Perubahan Atas Peraturan Daerah Prov Jawa Timur 14 Th 2012; Perda Prov Jawa Timur 14 Th 2012; Pasal 56 Perda Prov Jawa Timur 13 Th 2018;', 'UU 2 Th 1950; UU 7 Th 1992; UU 40 Th 2007; UU 21 Th 2008; UU 12 Th 2011; UU 23 Th 2014; PP 54 Th 2017; PP 12 Th 2018; PP 12 Th 2019; Permendagri 52 Th 2012; Permendagri 80 Th 2015; Permen ESDM 37 Th 2016; Permendagri 94 Th 2017; Permendagri 37 Th 2018; Pe', 'Keputusan DPRD No 188/17/KPTS-DPRD/050/2019', '1. Menyetujui Raperda Prov Jawa Timur tentang BUMD untuk ditetapkan menjadi Perda Prov Jawa Timur; Persetujuan Bersama ini mulai berlaku pada tanggal ditetapkan;', 4, 1, '118. KB_10_Penetapan RAperda Prov. Jatim Tentang BUMD.pdf', NULL, '2019-12-08', 1, NULL, NULL, 0),
(123, 'RPH/L002-001/KB/11/2019', '11', 3, 3, 3, 3, '2019-08-16', 'Penetapan Raperda Prov. Jatim Tentang Pengarustamaan Gender', 'Raperda Pengarusutamaan Gender; Pasal 56 Perda Prov Jawa Timur 13 Th 2018', 'UU 2 Th 1950; UU 7 Th 1992; UU 7 Th 1984; UU 21 Th 1999; UU 39 Th 1999; UU 23 Th 2004; UU 25 Th 2004; UU 23 Th 2014; UU 12 Th 2011; PP 12 Th 2018; Permendagri 15 Th 2008; Permen Negara Pemberdayaan Perempuan dan Perlindungan Anak 4 Th 2014; Permen Negara ', 'Keputusan DPRD No 188/18/KPTS-DPRD/050/2019', '1. Menyetujui Raperda Pengarusutamaan Gender untuk ditetapkan menjadi Perda Prov Jawa Timur; 2. Persetujuan Bersama ini mulai berlaku pada tanggal ditetapkan;', 4, 1, '119. KB_11_penetapan raperda Prov. Jatim tentang pengarustamaan gender.pdf', NULL, '2019-12-08', 1, NULL, NULL, 0),
(124, 'RPH/L002-001/KB/11/2019', '11', 3, 3, 3, 3, '2019-08-16', 'Persetujuan Bersama Penetapan Rancangan Peraturan Daerah Prov. Jatim  Tentang Pengarusutamaan Gender', 'Raperda Pengarusutamaan Gender; Pasal 56 Perda Prov Jawa Timur 13 Th 2018', 'UU 2 Th 1950; UU 7 Th 1992; UU 7 Th 1984; UU 21 Th 1999; UU 39 Th 1999; UU 23 Th 2004; UU 25 Th 2004; UU 23 Th 2014; UU 12 Th 2011; PP 12 Th 2018; Permendagri 15 Th 2008; Permen Negara Pemberdayaan Perempuan dan Perlindungan Anak 4 Th 2014; Permen Negara ', 'Keputusan DPRD No 188/18/KPTS-DPRD/050/2019', '1. Menyetujui Raperda Pengarusutamaan Gender untuk ditetapkan menjadi Perda Prov Jawa Timur; 2. Persetujuan Bersama ini mulai berlaku pada tanggal ditetapkan;', 4, 1, '120. KB_11_Persetujuan bersama Penetapan Rancangan Peraturan Daerah Prov. Jatim  tentang Pengarusutamaan Gender.pdf', NULL, '2019-12-08', 1, NULL, NULL, 0),
(125, 'RPH/L002-001/KB/12/2019', '12', 3, 3, 3, 3, '2019-08-28', 'Persetujuan Bersama Penetapan Rancangan Peraturan Daerah Prov Jatim Tentang Perubahan Bentuk Hukum Perusahaan Daerah Air Bersih Jatim Menjadi Perusahaan Perseroan Daerah Air Bersih Jatim', 'Raperda tentang Perubahan Bentuk hukum Perusahaan Air Bersih Jawa Timur; Pasal 56 Perda 13 Th 2018;', 'UU 2 Th 1950; UU 17 Th 2003; UU 1 Th 2004; UU 40 Th 2007; UU 25 Th 2009; UU 12 Th 2011; UU 23 Th 2014; PP 1 Th 2008; PP 43 Th 2011; PP 122 Th 2015; PP 54 Th 2017; PP 12 Th 2018; PP 12 Th 2019; PerPres 38 Th 2015; Permendagri 13 Th 2006; Permendagri 52 Th ', 'Keputusan DPRD No 188/19/KPTS-DPRD/050/2019', '1. Menyetujui Raperda tentang Perubahan Bentuk Hukum perusahaan air bersih jawa timur; 2. Persetujuan bersama ini berlaku pada tanggal ditetapkan;', 4, 1, '121. KB_12_Persetujuan Bersama Penetapan Rancangan Peraturan Daerah Prov Jatim tentang Perubahan bentuk hukum Perusahaan Daerah Air Bersih Jatim menjadi Perusahaan Perseroan Daerah Air Bersih Jatim.pdf', NULL, '2019-12-08', 1, NULL, NULL, 0),
(126, 'RPH/L002-001/KB/13/2019', '13', 3, 3, 3, 3, '2019-08-28', 'Persetujuan Bersama Penetapan Rancangan Perarturan Daerah Prov Jatim Tentang Perubahan Keenam Atas Peraturan Daerah Prov Jatim Nomor 8 Th 2013 Tentang Penyertaan Modal', 'Raperda tentang Perubahan Atas Praturan daerah 8 Th 2013 tentang Penyertaan Modal; Pasal 56 Perda Prov jatim 13 Th 2018;', 'UU 2 Th 1950; UU 17 Th 2003; UU 1 Th 2004; UU 40 Th 2007; UU 21 Th 2009; UU 12 Th 2011; UU 23 Th 2014; PP 39 Th 2007; PP 1 Th 2008; PP 71 Th 2010; PP 54 Th 2017; PP 12 Th 2018; PP 12 Th 2019; Permendagri 13 Th 2006; Permendagri 52 Th 2012; Permendagri 80 ', 'Keputusan DPRD No 188/20/KPTS-DPRD/050/2019', '1. Menyetujui Raperda tentang Perubahan atas Peraturan Daerah 8 Th 2013; 2. Keputusan berlaku pada tanggal ditetapkan;', 4, 1, '122. KB_13_Persetujuan Bersama Penetapan Rancangan Perarturan Daerah Prov Jatim tentang Perubahan keenam atas Peraturan Daerah Prov Jatim Nomor 8 Th 2013 tentang Penyertaan Modal.pdf', NULL, '2019-12-08', 1, NULL, NULL, 0),
(127, 'RPH/L002-001/KB/14/2019', '14', 3, 3, 3, 3, '2019-08-29', 'Persetujuan Bersama Gubernur Dan DPRD Prov. Jatim Tentang Raperda Tentang Perubahan APBD Prov. Jatim TA 2019', '(-)', '(-)', '(-)', '(-)', 4, 1, '123. KB_14_persetujuan bersama Gubernur dan DPRD Prov. Jatim tentang Raperda tentang perubahan APBD Prov. jatim TA 2019.pdf', NULL, '2019-12-08', 1, NULL, NULL, 0),
(128, 'RPH/L002-001/NK/2/2019', '2', 3, 3, 3, 4, '2019-03-14', 'Rancangan Awal RPJMD Prov. Jatim Tahun 2019-2024', '(-)', '(-)', '(-)', '(-)', 4, 1, '124. NK_2_Rancangan Awal RPJMD Prov. Jatim TAhun 2019-2024.pdf', NULL, '2019-12-08', 1, NULL, NULL, 0),
(129, 'RPH/L002-001/NK/8/2019', '8', 3, 3, 3, 4, '2019-08-06', 'KUA Perubahan APBD Prov. Jatim TA 2019', '(-)', '(-)', '(-)', '(-)', 4, 1, '125. NK_8_KUA perubahan APBD Prov. Jatim TA 2019.pdf', NULL, '2019-12-08', 1, NULL, NULL, 0),
(130, 'RPH/L002-001/NK/9/2019', '9', 3, 3, 3, 4, '2019-08-06', 'Prioritas Dan Plafon Anggaran Sementara (PPAS) Perubahan APBD Prov. Jatim TA 2019', '(-)', '(-)', '(-)', '(-)', 4, 1, '126. NK_9_prioritas dan plafon anggaran sementara (PPAS) perubahan APBD Prov. JAtim TA 2019.pdf', NULL, '2019-12-08', 1, NULL, NULL, 0),
(131, 'RPH/L002-001/NK/15/2019', '15', 3, 3, 3, 4, '2019-08-29', 'Kebijakan Umum Anggaran Dan Belanja Daerah Prov. Jatim TA 2020', '(-)', '(-)', '(-)', '(-)', 4, 1, '127. NK_15_kebijakan umum anggaran dan belanja daerah prov. jatim TA 2020.pdf', NULL, '2019-12-08', 1, NULL, NULL, 0),
(132, 'RPH/L002-001/NK/16/2019', '16', 3, 3, 3, 4, '2019-08-29', 'Prioritas Dan Plafon Anggaran Sementara APBD Prov. Jatim TA 2020', '(-)', '(-)', '(-)', '(-)', 4, 1, '128. NK_16_prioritas dan plafon anggaran sementara APBD Prov. Jatim TA 2020.pdf', NULL, '2019-12-08', 1, NULL, NULL, 0),
(133, 'RPH/L002-001/KPTS-DPRD/1/2019', '1', 3, 3, 3, 5, '2019-01-14', 'Perubahan Kelima Belas Komisi-Komisi', 'Keputusan DPRD Prov Jawa Timur 2014-2019', 'UU 2 Th 1950; UU 12 Th 2011; UU 23 Th 2014; PP 12 Th 2018; Permendagri 80 Th 2015; Peraturan DPRD Prov Jawa Timur 1 Th 2018; Keputusan DPRD Prov Jawa Timur 188/29/KPTS-DPRD/060/2014', 'Surat Fraksi Partai Golkar No 290/FPG/DPRD-Jatim/XII/2018', '1. Mengubah Lampiran Keputusan DPRD Prov Jawa Timur No 188/29/KPTS-DPRD/060/2014; 2. Keputusan ini mulai berlaku pada tanggal ditetapkan;', 4, 1, '129. KPTS-DPRD_1_perubahan kelima belas komisi-komisi.pdf', NULL, '2019-12-08', 1, NULL, NULL, 0),
(134, 'RPH/L002-001/KPTS-DPRD/2/2019', '2', 3, 3, 3, 5, '2019-02-11', 'Penetapan Raperda Tentang Penanaman Modal', 'Raperda Prov Jawa Timur Penanaman Modal usulan dari DPRD Prov Jawa Timur; Pasal 9 ayat 3 Peraturan DPRD 1 Th 2018;', 'UU 2 Th 1950; UU 25 Th 2007; UU 40 Th 2007; UU 20 Th 2008; UU 25 Th 2009; UU 28 Th 2009; UU 32 Th 2009; UU 12 Th 2011; UU 3 Th 2014; UU 23 Th 2014; UU 45 Th 2008; UU 12 Th 2018; PP 24 Th 2018; PerPres 16 Th 2012; PerPres 44 Th 2016; PerPres 91 Th 2017; Pe', 'Hasil Rapat Paripurna DPRD Prov Jawa Timur tanggal 11 Pebruari 2019;', '1. Menyetujui Raperda Prov Jawa Timur Penanaman Modal ditetapkan menjadi Perda Prov Jawa Timur; Keputusan ini muali berlaku pada tanggal ditetapkan;', 4, 1, '130 . KPTS-DPRD_2_penetapan raperda tentang penanaman modal.pdf', NULL, '2019-12-08', 1, NULL, NULL, 0),
(135, 'RPH/L002-001/KPTS-DPRD/3/2019', '3', 3, 3, 3, 5, '2019-02-11', 'Perubahan Keenam Belas Tentang Penetapan Keanggotaan Komisi-Komisi', 'Surat Fraksi Partai Kebangkitan Bangsa No 013/FPKB/DPRD.JATIM/II/2019', 'UU 2 Th 1950; UU 12 Th 2011; UU 23 Th 2014; PP 12 Th 2018; Permendagri 80 Th 2015; Peraturan DPRD Prov Jawa Timur 1 Th 2018; Keputusan DPRD Prov Jawa Timur 188/29/KPTS-DPRD/060/2014', 'Surat Fraksi PKB DPRD Prov Jawa Timur No 013/FPKB/DPRD.JATIM/II/2019', '1. Mengubah Lampiran Keputusan DPRD Prov Jawa Timur No 188/29/KPTS-DPRD/060/2014; 2. Keputusan ini mulai berlaku pada tanggal ditetapkan;', 4, 1, '131. KPTS-DPRD_3_perubahan keenam belas tentang penetapan keanggotaan komisi-komisi.pdf', NULL, '2019-12-08', 1, NULL, NULL, 0),
(136, 'RPH/L002-001/KPTS-DPRD/4/2019', '4', 3, 3, 3, 5, '2019-02-11', 'Perubahan Ketiga Belas Tentang Penetapan Pimpinan Dan Keanggotaan Banmus', 'Surat Fraksi Partai Kebangkitan Bangsa No 013/FPKB/DPRD.JATIM/II/2019', 'UU 2 Th 1950; UU 12 Th 2011; UU 23 Th 2014; PP 12 Th 2018; Permendagri 80 Th 2015; Peraturan DPRD Prov Jawa Timur 1 Th 2018; Keputusan DPRD Prov Jawa Timur 188/29/KPTS-DPRD/060/2014', 'Surat Fraksi PKB DPRD Prov Jawa Timur No 013/FPKB/DPRD.JATIM/II/2019 Perihal Perubahan Alat Kelengkapan Dewan', '1. Mengubah Lampiran Keputusan DPRD Prov Jawa Timur No 188/29/KPTS-DPRD/060/2014; 2. Keputusan ini mulai berlaku pada tanggal ditetapkan;', 4, 1, '132. KPTS-DPRD_4_perubahan ketiga belas tentang penetapan pimpinan dan keanggotaan banmus.pdf', NULL, '2019-12-08', 1, NULL, NULL, 0);
INSERT INTO `produk` (`id`, `no_arsip`, `no_produk`, `lemari`, `ruang`, `rak`, `jenis_produk`, `tgl_penetapan`, `judul`, `menimbang`, `mengingat`, `memperhatikan`, `menetapkan`, `tahun`, `status`, `file`, `keterangan`, `createddate`, `createdby`, `updateddate`, `updatedby`, `deleted`) VALUES
(137, 'RPH/L002-001/KPTS-DPRD/5/2019', '5', 3, 3, 3, 5, '2019-02-11', 'Perubahan Keenam Tentang Penetapan Pimpinan Dan Keanggotaan Banggar', 'Surat Fraksi Partai Kebangkitan Bangsa No 013/FPKB/DPRD.JATIM/II/2019', 'UU 2 Th 1950; UU 12 Th 2011; UU 23 Th 2014; PP 12 Th 2018; Permendagri 80 Th 2015; Peraturan DPRD Prov Jawa Timur 1 Th 2018; Keputusan DPRD Prov Jawa Timur 188/29/KPTS-DPRD/060/2014', 'Surat Fraksi PKB DPRD Prov Jawa Timur No 013/FPKB/DPRD.JATIM/II/2019 Perihal Perubahan Alat Kelengkapan Dewan', '1. Mengubah Lampiran Keputusan DPRD Prov Jawa Timur No 188/29/KPTS-DPRD/060/2014; 2. Keputusan ini mulai berlaku pada tanggal ditetapkan;', 4, 1, '133. KPTS-DPRD_5_perubahan keenam tentang penetapan pimpinan dan keanggotaan banggar.pdf', NULL, '2019-12-08', 1, NULL, NULL, 0),
(138, 'RPH/L002-001/KPTS-DPRD/6/2019', '6', 3, 3, 3, 5, '2019-03-14', 'Pembentukan Pansus Pembahas Raperda Prov. Jatim Tentang RPJMD', 'Raperda Rencana Pembangunan Jangka Menengah Daerah Prov Jawa Timur Th 2019-2024;', 'UU 2 Th 1950; UU 12 Th 2011; UU 23 Th 2014; UU 17 Th 2007; PP 12 Th 2018; PerPres 2 Th 2015; Permendagri 80 Th 2015; Perda Prov Jawa Timur 1 Th 2009; Perda Prov Jawa Timur 3 Th 2014; Perda Prov Jawa Timur 13 Th 2018; Peraturan DPRD 13 Th 2018;Peraturan DP', 'Surat Fraksi PKB No 021/FPKB/DPRD.Jatim/III/2019; Surat Fraksi PDIP No 018/Ex/F.PDI-P/DPRD JATIM/III/2019; Surat Fraksi Partai Gerindra No 010/FP.GERINDRA/DPRD JATIM/III/2019; Surat Fraksi Partai Demokrat No 16/FPD/DPRD JATIM/III/2019; Surat Fraksi Partai', '1. Membentuk Panitia Khusus Pembahas Rancangan Peraturan Daerah Prov jawa Timur; 2. Menugaskan Panitia Khusus sebagaimana dimaksud Diktum Kesatu; 3. Keputusan ini berlaku pada tanggal ditetapkan;', 4, 1, '134. KPTS-DPRD_6_pembentukan pansus pembahas raperda prov. jatim tentang RPJMD.pdf', NULL, '2019-12-08', 1, NULL, NULL, 0),
(139, 'RPH/L002-001/KPTS-DPRD/7/2019', '7', 3, 3, 3, 5, '2019-03-28', 'Perubahan Ketujuh Belas Komisi-Komisi', 'Keputusan Mendagri No 161.35-669 Th 2019; Keputusan Mendagri No 161.35-670 Th 2019', 'UU 2 Th 1950; UU 12 Th 2011; UU 23 Th 2014; PP 12 Th 2018; Permendagri 80 Th 2015; Peraturan DPRD Prov Jawa Timur 1 Th 2018; Keputusan DPRD Prov Jawa Timur 188/29/KPTS-DPRD/060/2014', 'Keputusan Mendagri No 161.35-669 Th 2019; Keputusan Mendagri No 161.35-670 Th 2019; Surat Fraksi PKB no 026/FPKB/DPRD.JATIM/III/2019', '1. Mengubah Lampiran Keputusan DPRD Prov Jawa Timur No 188/29/KPTS-DPRD/060/2014; 2. Keputusan ini mulai berlaku pada tanggal ditetapkan;', 4, 1, '135. KPTS-DPRD_7_perubahan ketujuh belas komisi-komisi.pdf', NULL, '2019-12-08', 1, NULL, NULL, 0),
(140, 'RPH/L002-001/KPTS-DPRD/8/2019', '8', 3, 3, 3, 5, '2019-03-28', 'Perubahan Keempat Belas Banmus', 'Surat Fraksi Partai Kebangkitan Bangsa No 026/FPKB/DPRD.JATIM/II/2019', 'UU 2 Th 1950; UU 12 Th 2011; UU 23 Th 2014; PP 12 Th 2018; Permendagri 80 Th 2015; Peraturan DPRD Prov Jawa Timur 1 Th 2018; Keputusan DPRD Prov Jawa Timur 188/29/KPTS-DPRD/060/2014', 'Surat Fraksi Partai Kebangkitan Bangsa No 026/FPKB/DPRD.JATIM/II/2019 Perihal Perubahan Alat Kelengkapan Dewan', '1. Mengubah Lampiran Keputusan DPRD Prov Jawa Timur No 188/29/KPTS-DPRD/060/2014; 2. Keputusan ini mulai berlaku pada tanggal ditetapkan;', 4, 1, '136. KPTS-DPRD_8_perubahan keempat belas banmus.pdf', NULL, '2019-12-08', 1, NULL, NULL, 0),
(141, 'RPH/L002-001/KPTS-DPRD/9/2019', '9', 3, 3, 3, 5, '2019-04-29', 'Perubahan Propemperda 2019', 'Kebutuhan Hukum dan Perkembangan peraturan perundang undangan; Mengubah Lampiran Keputusan DPRD Prov Jawa Timur No 188/50/KPTS-DPRD/050/2018', 'UU 2 Th 1950; UU 12 Th 2011; UU 23 Th 2014; PP 12 Th 2018; PerPres 87 Th 2014; Permendagri 80 Th 2015; Perda Prov jawa Timur 13 Th 2018; Peraturan DPRD 1 Th 2018', '(-)', '1. Mengubah Lampiran Keputusan DPRD Prov Jawa Timur No 188/50/KPTS-DPRD/050/2018; 2. Keputusan ini mulai berlaku pada tanggal ditetapkan;', 4, 1, '136. KPTS-DPRD_9_perubahan propemperda 2019.pdf', NULL, '2019-12-08', 1, NULL, NULL, 0),
(142, 'RPH/L002-001/KPTS-DPRD/9/2019', '9', 3, 3, 3, 5, '2019-04-29', 'Salinan SK Perubahan Propemperda 2019', 'Kebutuhan Hukum dan Perkembangan peraturan perundang undangan; Mengubah Lampiran Keputusan DPRD Prov Jawa Timur No 188/50/KPTS-DPRD/050/2018', 'UU 2 Th 1950; UU 12 Th 2011; UU 23 Th 2014; PP 12 Th 2018; PerPres 87 Th 2014; Permendagri 80 Th 2015; Perda Prov jawa Timur 13 Th 2018; Peraturan DPRD 1 Th 2018', '(-)', '1. Mengubah Lampiran Keputusan DPRD Prov Jawa Timur No 188/50/KPTS-DPRD/050/2018; 2. Keputusan ini mulai berlaku pada tanggal ditetapkan;', 4, 1, '137. KPTS-DPRD_9_Salinan SK Perubahan Propemperda 2019.pdf', NULL, '2019-12-08', 1, NULL, NULL, 0),
(143, 'RPH/L002-001/KPTS-DPRD/9/2019', '9', 3, 3, 3, 5, '2019-04-30', 'Surat Pengantar Salinan Perubahan Propemperda', '(-)', '(-)', '(-)', '(-)', 4, 1, '138. KPTS-DPRD_9_Surat Pengantar Salinan Perubahan Propemperda.pdf', NULL, '2019-12-08', 1, NULL, NULL, 0),
(144, 'RPH/L002-001/KPTS-DPRD/10/2019', '10', 3, 3, 3, 5, '2019-05-14', 'Pembubaran Pansus Asset Milik Pemprov Jatim', 'Laporan Hasil Pembahasan Pelepasan Aset Pemerintah Provinsi Jawa Timur', 'UU 2 Th 1950; UU 12 Th 2011; UU 23 Th 2014; PP 12 Th 2018; Permendagri 80 Th 2015; Peraturan DPRD Prov Jawa Timur 1 Th 2018;', 'Rapat Paripurna DPRD Prov Jawa Timur pada Tanggal 14 Mei 2019;', '1. Membubarkan Panitia Khusus Pembahas Pelepasan Aset Pemerintah Prov Jawa Timur; 2. Keputusan ini berlaku pada tanggal ditetapkan.', 4, 1, '139. KPTS-DPRD_10_Pembubaran Pansus Asset Milik Pemprov Jatim.pdf', NULL, '2019-12-08', 1, NULL, NULL, 0),
(145, 'RPH/L002-001/KPTS-DPRD/11/2019', '11', 3, 3, 3, 5, '2019-07-02', 'Penetapan Raperda Tentang Perubahan Kedua Atas Perda No 1 Thn 2012 Tentang Retribusi Daerah', 'Raperda Prov Jawa Timur Perubahan Kedua Perda 1 Th 2012 tentang Retribusi Daerah; Pasal 9 ayat 3 Peraturan DPRD 1 Th 2018;', 'UU 2 Th 1950; UU 25 Th 2009; UU 28 Th 2009; UU 12 Th 2011; UU 23 Th 2014; PP 97 Th 2016; PP 12 Th 2019; PerPres 20 Th 2018; Permendagri 13 Th 2006; Permendagri 80 Th 2015; Perda Prov jawa Timur 1 Th 2012; Perda Prov Jawa Timur 11 Th 2016; Perda Prov Jawa ', 'Hasil Rapat Paripurna DPRD Prov Jawa Timur tanggal 2 Juli 2019', '1. Menyetujui Penetapan Raperda Prov Jawa Timur tentang Perubahan Kedua Perda 1 Th 2012 tentang Retribusi Daerah; Keputusan berlaku pada tanggal ditetapkan;', 4, 1, '140. KPTS-DPRD_11_penetapan Raperda tentang perubahan kedua atas Perda No 1 thn 2012 ttg retribusi daerah.pdf', NULL, '2019-12-08', 1, NULL, NULL, 0),
(146, 'RPH/L002-001/KPTS-DPRD/17/2019', '17', 3, 3, 3, 5, '2019-08-16', 'Penetapan Raperda Tentang BUMD', 'Raperda Prov Jawa Timur tentang BUMD; Mencabut Perda Prov Jawa Timur 14 Th 2012; Pasal 9 ayat 3 Perda Prov Jawa Timur 1 Th 2018;', 'UU 2 Th 1950; UU 7 Th 1992; UU 40 Th 2007; UU 21 Th 2008; UU 12 Th 2011; UU 23 Th 2014; PP 54 Th 2017; PP 12 Th 2018; PP 12 Th 2019; Permendagri 52 Th 2012; Permendagri 80 Th 2015; Permen ESDM 37 Th 2016; Permendagri 94 Th 2017; Permendagri 37 Th 2018; Pe', 'Hasil Rapat Paripurna DPRD Prov Jawa Timur tanggal 16 Agustus 2019', '1. Menyutujui Penetapan Raperda tentang BUMD untuk ditetapkan menjadi Perda Prov Jawa Timur; Keputusan berlaku pada tanggal ditetapkan;', 4, 1, '141. KPTS-DPRD_17_penetapan Raperda tentang BUMD.pdf', NULL, '2019-12-08', 1, NULL, NULL, 0),
(147, 'RPH/L002-001/KPTS-DPRD/18/2019', '18', 3, 3, 3, 5, '2019-08-16', 'Penetapan Raperda Tentang Pengarustamaan Gender', 'Raperda Prov Jawa Timur tentang Pengarusutamaan Gender; Pasal 9 ayat3 Peraturan DPRD 1 Th 2018;', 'UU 2 Th 1950; UU 7 Th 1992; UU 7 Th 1984; UU 21 Th 1999; UU 39 Th 1999; UU 23 Th 2004; UU 25 Th 2004; UU 23 Th 2014; UU 12 Th 2011; PP 12 Th 2018; Permendagri 15 Th 2008; Permen Negara Pemberdayaan Perempuan dan Perlindungan Anak 4 Th 2014; Permen Negara ', 'Hasil Rapat Paripurna DPRD Prov Jawa Timur tanggal 16 Agustus 2019', '1. Menyetujui Penetapan Raperda Prov Jawa Timur tentang Pengarusutamaan Gender untuk ditetapkan Menjadi Perda Prov Jawa Timur; Keputusan berlaku pada tanggal ditetapkan;', 4, 1, '142. KPTS-DPRD_18_penetapan Raperda tentang pengarustamaan gender.pdf', NULL, '2019-12-08', 1, NULL, NULL, 0),
(148, 'RPH/L002-001/KPTS-DPRD/19/2019', '19', 3, 3, 3, 5, '2019-08-28', 'Penetapan Raperda Tentang Bentuk Hukum Perusahaan Ar Bersih Jatim Menjadi Perusahaan Perseroan Daerah', 'Raperda Prov Jawa Timur tentang Perubahan Bentuk Hukum Perusahaan Perseroan Daerah Air Bersih Jawa Timur;Pasal 9 ayat 3 Peraturan DPRD Prov Jawa Timur', 'UU 2 Th 1950; UU 17 Th 2003; UU 1 Th 2004; UU 40 Th 2007; UU 25 Th 2009; UU 12 Th 2011; UU 23 Th 2014; PP 1 Th 2008; PP 43 Th 2011; PP 122 Th 2015; PP 54 Th 2017; PP 12 Th 2018; PP 12 Th 2019; PerPres 38 Th 2015; Permendagri 13 Th 2006; Permendagri 52 Th ', 'Hasil Rapat Paripurna DPRD Prov Jawa Timur tanggal 28 Agustus 2019;', '1. Menyetujui Penetapan Raperda Prov Jawa Timur tentang Perubahan Bentuk Hukum Perusahaan Daerah Air Bersih Jawa Timur untuk ditetapkan menjadi Perda Prov Jawa Timur; 2. Keputusan ini berlaku pada tanggal ditetapkan;', 4, 1, '143. KPTS-DPRD_19_Penetapan raperda tentang bentuk hukum perusahaan ar bersih Jatim menjadi perusahaan perseroan daerah.pdf', NULL, '2019-12-08', 1, NULL, NULL, 0),
(149, 'RPH/L002-001/KPTS-DPRD/19/2019', '19', 3, 3, 3, 5, '2019-08-28', 'Salinan Keputusan DPRD Prov. Jatim No 188-19-KPTS-DPRD-050-2019', 'Raperda Prov Jawa Timur tentang Perubahan Bentuk Hukum Perusahaan Perseroan Daerah Air Bersih Jawa Timur;Pasal 9 ayat 3 Peraturan DPRD Prov Jawa Timur', 'UU 2 Th 1950; UU 17 Th 2003; UU 1 Th 2004; UU 40 Th 2007; UU 25 Th 2009; UU 12 Th 2011; UU 23 Th 2014; PP 1 Th 2008; PP 43 Th 2011; PP 122 Th 2015; PP 54 Th 2017; PP 12 Th 2018; PP 12 Th 2019; PerPres 38 Th 2015; Permendagri 13 Th 2006; Permendagri 52 Th ', 'Hasil Rapat Paripurna DPRD Prov Jawa Timur tanggal 28 Agustus 2019;', '1. Menyetujui Penetapan Raperda Prov Jawa Timur tentang Perubahan Bentuk Hukum Perusahaan Daerah Air Bersih Jawa Timur untuk ditetapkan menjadi Perda Prov Jawa Timur; 2. Keputusan ini berlaku pada tanggal ditetapkan;', 4, 1, '144. KPTS-DPRD_19_salinan keputusan DPRD Prov. Jatim no 188-19-KPTS-DPRD-050-2019.pdf', NULL, '2019-12-08', 1, NULL, NULL, 0),
(150, 'RPH/L002-001/KPTS-DPRD/20/2019', '20', 3, 3, 3, 5, '2019-08-28', 'Penetapan Raperda Tentang Perubahan Keenam Atas Perda Tentang Penyertaan Modal', 'Raperda Prov Jawa Timur tentang Perubahan Keenam Atas Perda Prov Jawa Timur 8 Th 2013 tentang Penyertaan Modal; Pasal 9 ayat 3 Perda Prov Jawa Timur 1 Th 2018;', 'UU 2 Th 1950; UU 17 Th 2003; UU 1 Th 2004; UU 40 Th 2007; UU 21 Th 2009; UU 12 Th 2011; UU 23 Th 2014; PP 39 Th 2007; PP 1 Th 2008; PP 71 Th 2010; PP 54 Th 2017; PP 12 Th 2018; PP 12 Th 2019; Permendagri 13 Th 2006; Permendagri 52 Th 2012; Permendagri 80 ', 'Hasil Rapat Paripurna DPRD Prov Jawa Timur tanggal 28 Agustus 2019;', '1. Menyetujui Penetapan Raperda Prov Jawa Timur tentang Perubahan Keenam Atas Perda Prov Jawa Timur 8 Th 2013 tentang Penyertaan Modal untuk ditetapkan menjadi Perda; 2. Keputusan berlaku pada tanggal ditetapkan;', 4, 1, '145. KPTS-DPRD_20_penetapan raperda tentang perubahan keenam atas perda tentang penyertaan modal.pdf', NULL, '2019-12-08', 1, NULL, NULL, 0),
(151, 'RPH/L002-001/KPTS-DPRD/20/2019', '20', 3, 3, 3, 5, '2019-08-28', 'Salinan Keputusan DPRD Prov. Jatim No 188-20-KPTS-DPRD-050-2019', 'Raperda Prov Jawa Timur tentang Perubahan Keenam Atas Perda Prov Jawa Timur 8 Th 2013 tentang Penyertaan Modal; Pasal 9 ayat 3 Perda Prov Jawa Timur 1 Th 2018;', 'UU 2 Th 1950; UU 17 Th 2003; UU 1 Th 2004; UU 40 Th 2007; UU 21 Th 2009; UU 12 Th 2011; UU 23 Th 2014; PP 39 Th 2007; PP 1 Th 2008; PP 71 Th 2010; PP 54 Th 2017; PP 12 Th 2018; PP 12 Th 2019; Permendagri 13 Th 2006; Permendagri 52 Th 2012; Permendagri 80 ', 'Hasil Rapat Paripurna DPRD Prov Jawa Timur tanggal 28 Agustus 2019;', '1. Menyetujui Penetapan Raperda Prov Jawa Timur tentang Perubahan Keenam Atas Perda Prov Jawa Timur 8 Th 2013 tentang Penyertaan Modal untuk ditetapkan menjadi Perda; 2. Keputusan berlaku pada tanggal ditetapkan;', 4, 1, '146. KPTS-DPRD_20_salinan keputusan DPRD Prov. Jatim no 188-20-KPTS-DPRD-050-2019.pdf', NULL, '2019-12-08', 1, NULL, NULL, 0),
(152, 'RPH/L002-001/KPTS-DPRD/27/2019', '27', 3, 3, 3, 5, '2019-10-10', 'Penetapan Pimpinan Dan Anggota Badan Musyawarah Masa Jabatan 2019-2024', 'Pasal 45 Peraturan Pemerintah 12 Th 2018 tentang Pedoman Penyusunan Peraturan DPRD;', 'UU 2 Th 1950; UU 12 Th 2011; UU 23 Th 2014; PP 12 Th 2018; Permendagri 80 Th 2015; Keputusan Mendagri No 161.35-3810 Th 2019; Peraturan DPRD 1 Th 2019;', 'Surat Fraksi PDIP 065/Ex/F.PDI-P/DPRD JATIM/X/2019; Surat Fraksi PKB 072/FPKB/DPRD.JATIM/X/2019; Surat Fraksi Partai Gerindra 006/FP.GERINDRA/DPRD.JATIM/X/2019; Surat Fraksi Partai Demokrat 51/FPD/DPRD-JATIM/X/2019; Surat Fraksi Partai Golkar 006/FPG/DPRD', '1. Menetapkan susunan Pimpinan dan Keanggotaan Badan Musyawarah DPRD Prov Jawa Timur Masa Jabatan 2019-2024; 2. Keputusan ini berlaku pada tanggal ditetapkan;', 4, 1, '147. KPTS-DPRD_27_penetapan pimpinan dan anggota Badan Musyawarah masa jabatan 2019-2024.pdf', NULL, '2019-12-08', 1, NULL, NULL, 0),
(153, 'RPH/L002-001/KPTS-DPRD/28/2019', '28', 3, 3, 3, 5, '2019-10-10', 'Penetapan Pimpinan Dan Anggota BAPEMPERDA Masa Jabatan 2019-2024', 'Pasal 51 Peraturan Pemerintah 12 Th 2018 tentang Pedoman Penyusunan Peraturan DPRD;', 'UU 2 Th 1950; UU 12 Th 2011; UU 23 Th 2014; PP 12 Th 2018; Permendagri 80 Th 2015; Keputusan Mendagri No 161.35-3810 Th 2019; Peraturan DPRD 1 Th 2019;', 'Surat Fraksi PDIP 065/Ex/F.PDI-P/DPRD JATIM/X/2019; Surat Fraksi PKB 072/FPKB/DPRD.JATIM/X/2019; Surat Fraksi Partai Gerindra 006/FP.GERINDRA/DPRD.JATIM/X/2019; Surat Fraksi Partai Demokrat 51/FPD/DPRD-JATIM/X/2019; Surat Fraksi Partai Golkar 006/FPG/DPRD', '1. Menetapkan susunan Pimpinan dan Keanggotaan Badan Pembentukan Peraturan Daerah DPRD Prov Jawa Timur Masa Jabatan 2019-2024; 2. Keputusan ini berlaku pada tanggal ditetapkan;', 4, 1, '148. KPTS-DPRD_28_penetapan pimpinan dan anggota BAPEMPERDA masa jabatan 2019-2024.pdf', NULL, '2019-12-08', 1, NULL, NULL, 0),
(154, 'RPH/L002-001/KPTS-DPRD/29/2019', '29', 3, 3, 3, 5, '2019-10-10', 'Penetapan Keanggotaan Badan Kehormatan Masa Jabatan 2019-2024', 'Pasal 55 Peraturan Pemerintah 12 Th 2018 tentang Pedoman Penyusunan Peraturan DPRD;', 'UU 2 Th 1950; UU 12 Th 2011; UU 23 Th 2014; PP 12 Th 2018; Permendagri 80 Th 2015; Keputusan Mendagri No 161.35-3810 Th 2019; Peraturan DPRD 1 Th 2019;', 'Surat Fraksi PDIP 065/Ex/F.PDI-P/DPRD JATIM/X/2019; Surat Fraksi PKB 072/FPKB/DPRD.JATIM/X/2019; Surat Fraksi Partai Gerindra 006/FP.GERINDRA/DPRD.JATIM/X/2019; Surat Fraksi Partai Demokrat 51/FPD/DPRD-JATIM/X/2019; Surat Fraksi Partai Golkar 006/FPG/DPRD', '1. Menetapkan susunan keanggotaan Badan Kehormmatan DPRD Prov Jawa Timur Masa Jabatan 2019-2024; 2. Zkeputusan ini berlaku pada tanggal ditetapkan;', 4, 1, '149. KPTS-DPRD_29_Penetapan keanggotaan Badan kehormatan masa jabatan 2019-2024.pdf', NULL, '2019-12-08', 1, NULL, NULL, 0),
(155, 'RPH/L002-001/KPTS-DPRD/32/2019', '32', 3, 3, 3, 5, '2019-11-18', 'Propemperda 2020', 'Pembentukan Perda dilaksanakan secara terarah, terencana,terpadu,efisien, efektif dan sistematis; Pasal 34 ayat 2 UU 12 Th 2011;', 'UU 2 Th 1950; UU 12 Th 2011; UU 23 Th 2014; PP 12 Th 2018; PerPres 87 Th 2014; Permendagri 80 Th 2015; Perda Prov jawa Timur 13 Th 2018; Peraturan DPRD 1 Th 2018', '(-)', '1. Menetapkan Program Pembntukan Perda Prov Jawa Timur Th 2020; 2. Program Pembentukan Perda merupakan pedoman bagi DPRD Prov Jawa Timur; 3. Program Pembentukan Pperda meliputi putusan MA dan APBD; 4. DPRD atau Pemerintah Prov Jawa Timur dapat mengajukan ', 4, 1, '150. KPTS-DPRD_32_Propemperda 2020.pdf', NULL, '2019-12-08', 1, NULL, NULL, 0),
(156, 'RPH/L002-001/KPTS-Pimp/1/2019', '1', 3, 3, 3, 6, '2019-01-14', 'Perubahan Keempat Belas Tentang Penetapan Nama Fraksi, Pimpinan Dan Anggota Fraksi', 'Surat Fraksi Partai Golkar 290/FPG/DPRD-Jatim/XII/2018 perihal Reposisi AKD FPG DPRD Prov Jawa Timur', 'UU 2  Th 1950; UU 12 Th 2011; UU 23 Th 2014; PP 12 Th 2018; Permendagri 80 Th 2015; Keputusan Mendagri 161.35-3355 Th 2014; Peraturan DPRD 1 Th 2018; KP DPRD 188/11/KPTS-Pimp/060/2014', 'Surat Fraksi Partai Golkar 290/FPG/DPRD-Jatim/XII/2018 perihal Reposisi AKD FPG DPRD Prov Jawa Timur', '1. Mengubah Lampiran Keputusan Pimpinan DPRD Prov Jawa Timur 188/11/KPTS-Pimp/060/2014', 4, 1, '151. KPTS-Pimp_1_perubahan keempat belas tentang penetapan nama fraksi, pimpinan dan anggota fraksi.pdf', NULL, '2019-12-08', 1, NULL, NULL, 0),
(157, 'RPH/L002-001/KPTS-Pimp/2/2019', '2', 3, 3, 3, 6, '2019-01-14', 'Perubahan Kesebelas Tentang Susunan Pimpinan Dan Keanggotaan Komisi-Komisi', 'Perubahan susunan keanggotaan Komisi Komisi DPRD Prov Jawa Timur masa jabatan Tahun 2014-2019 pada Komisi A', 'UU 2 Th 1950; UU 12 Th 2011; UU 23 Th 2014; PP 12 Th 2018; Permendagri 80 Th 2015; Peraturan DPRD 1 Th 2014; Keputusan DPRD 188/29/KPTS-DPRD/060/2014; Keputusan Pimpinan DPRD 188/8/KPTS-Pimp/050/2017;', '(-)', '1. Mengubah Lampiran Keputusan Pimpinan DPRD Prov Jawa Timur 188/8/KPTS-Pimp/050/2017; Keputusan ini berlaku pada tanggal ditetapkan;', 4, 1, '152. KPTS-Pimp_2_perubahan kesebelas tentang susunan pimpinan dan keanggotaan komisi-komisi.pdf', NULL, '2019-12-08', 1, NULL, NULL, 0),
(158, 'RPH/L002-001/KPTS-Pimp/3/2019', '3', 3, 3, 3, 6, '2019-01-30', 'Tata Cara Pelaksanaan Dan Pelaporan Reses Pada Masa Reses I Tahun 2019', 'Pasal 104 dan 105 Peraturan DPRD Prov Jawa Timur 1 Th 2018;', 'UU 2 Th 1950; UU 17 Th 2003; UU 1 Th 2004; UU 23 Th 2014; PP 58 Th 2005; PP 12 Th 2018; PP 18 Th 2017; Perda 5 Th 2017; Pergub 545 Th 2017; Peraturan DPRD 1 Th 2018;', '(-)', '1. Menetapkan Tata Cara Pelaksanaan dan Pelaporan Reses pada Masa Reses I Th 2019; 2. Tata Cara Pelaksanaan dan Pelaporan Reses dengan mengunjungi Daerah Pemilihan; 3. Membebankan biaya pelaksanaan kegiatan Reses I Th Sidang 2019 Pimpinan dan Anggota DPRD', 4, 1, '153. KPTS-Pimp_3_tata cara pelaksanaan dan pelaporan reses pada masa reses I tahun 2019.pdf', NULL, '2019-12-08', 1, NULL, NULL, 0),
(159, 'RPH/L002-001/KPTS-Pimp/4/2019', '4', 3, 3, 3, 6, '2019-01-30', 'Perubahan Kedua Belas Tentang Susunan Pimpinan Dan Keanggotaan Komisi-Komisi', 'Perubahan Susunan keanggotaan Komisi Komisi DPRD Prov Jawa Timur masa jabatan Tahun 2014-2019 pada Komisi D', 'UU 2 Th 1950; UU 12 Th 2011; UU 23 Th 2014; PP 12 Th 2018; Permendagri 80 Th 2015; Peraturan DPRD 1 Th 2018; Keputusan DPRD 188/29/KPTS-DPRD/060/2014; Keputusan Pimpinan DPRD 188/8/KPTS-Pimp/050/2017;', 'Berita Acara Hasil Rapat Pemilihan Pimpinan Komisi D DPRD Prov Jawa Timur;', '1. Mengubah Lampiran Keputusan DPRD Prov Jawa Timur 188/8/KPTS-Pimp/050/2017; 2. Keputusan ini berlaku pada tanggal ditetapkan;', 4, 1, '154. KPTS-Pimp_4_perubahan kedua belas tentang susunan pimpinan dan keanggotaan komisi-komisi.pdf', NULL, '2019-12-08', 1, NULL, NULL, 0),
(160, 'RPH/L002-001/KPTS-Pimp/5/2019', '5', 3, 3, 3, 6, '2019-02-11', 'Perubahan Ketiga Belas Tentang Susunan Pimpinan Dan Keanggotaan Komisi-Komisi', 'Perubahan susunan keanggotaan Komisi Komisi DPRD Prov jawa Timur masa jabatan 2014-2019 pada Komisi A', 'UU 2 Th 1950; UU 12 Th 2011; UU 23 Th 2014; PP 12 Th 2018; Permendagri 80 Th 2015; Peraturan DPRD 1 Th 2018; Keputusan DPRD 188/29/KPTS-DPRD/060/2014; Keputusan Pimpinan DPRD 188/8/KPTS-Pimp/050/2017;', 'Berita Acara Hasil Rapat Pemilihan Pimpinan Komisi A', '1. Mengubah Lampiran Keputusan Pimpinan DPRD Prov Jawa Timur 188/8/KPTS-Pimp/050/2017; 2. Keputusan ini berlaku pada tanggal ditetapkan;', 4, 1, '155. KPTS-Pimp_5_perubahan ketiga belas tentang susunan pimpinan dan keanggotaan komisi-komisi.pdf', NULL, '2019-12-08', 1, NULL, NULL, 0),
(161, 'RPH/L002-001/KPTS-Pimp/6/2019', '6', 3, 3, 3, 6, '2019-03-14', 'Susunan Pimpinan Dan Keanggotaan Pansus Raperda Prov. Jatim Tentang RPJMD 2019-2024', 'Pasal 75 Peraturan DPRD 1 Th 2018', 'UU 2 Th 1950; UU 12 Th 2011; UU 23 Th 2014; PP 12 Th 2018; Permendagri 80 Th 2015; Peraturan DPRD Prov Jawa Timur 1 Th 2018; Keputusan DPRD Prov Jawa Timur 188/29/KPTS-DPRD/060/2014', 'Berita Acara Hasil Pemilihan Pimpinan Panitia Khusus Pembahas Rancangan Perda Prov Jawa Timur', '1. Menetapkan Susunan Pimpinan dan Keanggotaan Panitia Khusus Pembahas Rancangan Perda Prov Jawa Timur; 2. Keputusan ini berlaku pada tanggal ditetapkan;', 4, 1, '156. KPTS-Pimp_6_susunan pimpinan dan keanggotaan pansus raperda prov. jatim tentang RPJMD 2019-2024.pdf', NULL, '2019-12-08', 1, NULL, NULL, 0),
(162, 'RPH/L002-001/KPTS-Pimp/7/2019', '7', 3, 3, 3, 6, '2019-03-28', 'Perubahan Kelima Belas Tentang Penetapan Nama Fraksi Pimpinan Dan Anggota', 'Keputusan Mendagri 161.35-669 Th 2019 terkait Pemberhentian Anggota DPRD Prov Jawa Timur', 'UU 2 Th 1950; UU 12 Th 2011; UU 23 Th 2014; PP 12 Th 2018; Permendagri 80 Th 2015; Keputusan Mendagri No 161.35-3355 Th 2014; Peraturan DPRD 1 Th 2019; Keputusan Pimpinan DPRD Prov Jawa Timur 188/11/KPTS-Pimp/060/2014;', 'Keputusan Mendagri No 161.35-669 Th 2019; Keputusan Mendagri No 161.35-670 Th 2019;', '1. Mengubah Lampiran Keputusan Pimpinan DPRD Prov Jawa Timur 188/11/KPTS-Pimp/060/2014; 2. Keputusan ini berlaku pada tanggal ditetapkan;', 4, 1, '157. KPTS-Pimp_7_perubahan kelima belas tentang penetapan nama fraksi pimpinan dan anggota.pdf', NULL, '2019-12-08', 1, NULL, NULL, 0),
(163, 'RPH/L002-001/KPTS-Pimp/8/2019', '8', 3, 3, 3, 6, '2019-03-28', 'Perubahan Keempat Belas Tentang Susunan Pimpinan Dan Anggota Komisi', 'Perubahan susunan keanggotaan Komisi Komisi DPRD Prov Jawa Timur masa jabatan Th 2014-2019 pada Komisi A dan Komisi D', 'UU 2 Th 1950; UU 12 Th 2011; UU 23 Th 2014; PP 12 Th 2018; Permendagri 80 Th 2015; Perda 1 Th 2018; Keputusan DPRD 188/29/KPTS-DPRD/060/2014; Keputusan Pimpinan DPRD 188/8/KPTS-Pimp/050/2017;', '(-)', '1. Mengubah Lampiran Keputusan Pimpinan DPRD Prov jawa Timur 188/8/KPTS-Pimp/050/2017; 2. Keputusan ini berlaku pada tanggal ditetapkan;', 4, 1, '158. KPTS-Pimp_8_perubahan keempat belas tentang susunan pimpinan dan anggota komisi.pdf', NULL, '2019-12-08', 1, NULL, NULL, 0),
(164, 'RPH/L002-001/KPTS-Pimp/9/2019', '9', 3, 3, 3, 6, '2019-07-31', 'Persetujuan Terhadap Penyempurnaan dan Penyesuaian Hsl Evaluasi Raperda Prov. Jatim Tentang Pertanggungjawaban PAPBD TA 2018 dan Rapergub Jatim Tentang Penjabaran Pertanggungjawaban PAPBD TA 2018', 'Raperda tentang Pertanggungjawaban pelaksanaa Anggaran Pendapatan dan  Belanja Daerah Prov Jatim Tahun anggaran 2018; Keputusan Pimpinan DPRD Prov Jatim;', 'UU 2 Th 1950; UU 17 Th 2003; UU 33 Th 204; UU 12 Th 2011; UU 23 Th 2014; PP 58 Th 2005; PP 71 Th 2010; Permendagri 13 Th 2006; Permendagri 80 Th 2015; Perda 2 Th 2007; Perda 9 Th 2017; Perda 6 Th 2018; Perda 13 Th 2018; Peraturan DPRD 1 Th 2018;', 'Keputusan Mendagri 903.2914 Th 2019; Surat ubernur 900/8166/203.4/2019', '1. Menyetujui Penyempurnaan dan Penyesuainan Hasil Evaluasi terhadap rancangan Prda tetnag Pertanggungjawaban Pelaksanaan Anggaran Pendapatan dan Belanja Daerah Prov Jatim; 2. Menyetujui Gubernur untuk menindak lanjuti Persetujuan Pimpinan DPRD Prov Jatim', 4, 1, '159. KPTS-Pimp_9_persetujuan trhdp penyempurnaan & penyesuaian hsl evaluasi Raperda Prov. JAtim tentang pertanggungjawaban PAPBD TA 2018 & Rapergub Jatim tentang penjabaran pertanggungjawaban PAPBD TA 2018.pdf', NULL, '2019-12-08', 1, NULL, NULL, 0),
(165, 'RPH/L002-001/KPTS-Pimp/10/2019', '10', 3, 3, 3, 6, '2019-08-13', 'Persetujuan Terhadap Penyempurnaan Sesuai Hasil Evaluasi Raperda Prov. Jatim Tentang RPJMD Prov. Jatim Tahun 2019-2024', 'Raperda Prov Jawa Timur tentang Rencana Pembangunan Jangka Menengah Daerah Prov Jawa Timur Th 2019-2024; Perubahan dan penyempurnaan atas rancangan Perda Prov Jawa Timur; Menetapkan Persetujuan terhadap Penyempurnaan Sesuai Hasil Evaluasi Raperda Prov Jaw', 'UU 2 Yh 1950; UU 25 Th 2004; UU 17 Th 2003; UU 17 Th 2007; UU 26 Th 2007; UU 12 Th 2011; UU 23 Th 2014; PP 18 Th 2016; PP 12 Th 2018; PP 12 Th 2019; PP 13 Th 2019; PerPres 87 Th 2014; Permendagri 80 Th 2015; Permendagri 86 Th 2017; Permendagri 7 Th 2018; ', 'Keputusan Menteri Dalam Negeri 050-3716A Th 2019 tentang Evaluasi Raperda Prov Jawa Timur', '1. Menyetujui Penyempurnaan Sesuai Evaluasi Raprda Prov Jawa Timur tentang Rencana Pembangunan Jangka Menengah Daerah Prov Jawa Timur 2019-2024; 2. Agar Saudara Gubernur segera menindaklanjuti Persetujuan Pimpinan DPRD Prov Jawa Timur; 3. Keputusan ini be', 4, 1, '160. KPTS-Pimp_10_Persetujuan terhadap penyempurnaan sesuai hasil evaluasi Raperda Prov. Jatim tentang RPJMD Prov. Jatim tahun 2019-2024.pdf', NULL, '2019-12-08', 1, NULL, NULL, 0),
(166, 'RPH/L002-001/KPTS-Pimp/11/2019', '11', 3, 3, 3, 6, '2019-09-05', 'Penetapan Nama Fraksi, Pimpinan Anggota Fraksi DPRD Masa Jabatan Tahun 2019-2024', 'Pasal 120 PP 12 Th 2018 tentang Pedoman Penyusunan Peraturan DPRD', 'UU 2 Th 1950; UU 12 Th 2011; UU 23 Th 2014; PP 12 Th 2018; Permendagri 80 Th 2015; Keputusan Mendagri 161.35-3810 Th 2019; Peraturan DPRD 1 Th 2018; Surat Dewan Pimpinan Daerah PDIP 009/EKS/DPD/IX/2019; Surat Dewan Pengurus Wilayah PKB 4209/DPW-03/VV/A.1/', '(-)', '1. Menetapkan Nama Fraksi DPRD Prov jawa Timur masa jabatan 2019-2024; 2. Susunan Pimpinan dan Keanggotaan Fraksi DPRD  Prov Jawa Timur masa jabatan 2019-2024; 3. Sekretariat DPRD menyediakan sarana, anggaran dan tenaga ahl guna kelancaran pelaksanaan tug', 4, 1, '161. KPTS-Pimp_11_penetapan nama fraksi, pim & anggota fraksi DPRD masa jabatan tahun 2019-2024.pdf', NULL, '2019-12-08', 1, NULL, NULL, 0),
(167, 'RPH/L002-001/KPTS-Pimp/16/2019', '16', 3, 3, 3, 6, '2019-11-04', 'Perubahan Atas Keputusan Pimpinan Dewan Perwakilan Rakyat Daerah Provjatim Nomer 188-11-Kpts-Pimp-050-2019 Tentang Penetapan Nama Fraksi', 'Surat Fraksi PKB 082/FPKB/DPRD-JATIM/X/2019 perihal Perubahan Alat kelengkapan DPRD Prov Jawa Timur', 'UU 2 Th 1950; UU 12 Th 2011; UU 23 Th 2014; PP 12 Th 2018; Permendagri 80 Th 2015; Keputusan Mendagri 161.35-3810 Th 2019; Peraturan DPRD 1 Th 2018;', 'Surat Fraksi PKB 082/FPKB/DPRD-JATIM/X/2019', '1. Mengubah susunan pimpinan dan keanggotaan Fraksi PKB DPRD Prov Jatim Masa jabatan 2019-2024; 2. Keputusan ini berlaku pada tanggal ditetapkan;', 4, 1, '162. KPTS-Pimp_16_Perubahan atas keputusan pimpinan dewan perwakilan rakyat daerah provjatim nomer 188-11-kpts-pimp-050-2019 tentang penetapan nama fraksi.pdf', NULL, '2019-12-08', 1, NULL, NULL, 0);

-- --------------------------------------------------------

--
-- Table structure for table `rak`
--

CREATE TABLE `rak` (
  `id` int(11) NOT NULL,
  `kode_rak` varchar(255) DEFAULT NULL,
  `nama_rak` varchar(255) DEFAULT NULL,
  `createddate` date DEFAULT NULL,
  `createdby` int(11) DEFAULT NULL,
  `updateddate` datetime DEFAULT NULL,
  `updatedby` int(11) DEFAULT NULL,
  `deleted` int(11) DEFAULT '0'
) ENGINE=InnoDB DEFAULT CHARSET=latin1;

--
-- Dumping data for table `rak`
--

INSERT INTO `rak` (`id`, `kode_rak`, `nama_rak`, `createddate`, `createdby`, `updateddate`, `updatedby`, `deleted`) VALUES
(1, 'RAK001', 'Rak A', '2019-11-27', 1, NULL, NULL, 0),
(2, 'rak', NULL, '2019-12-08', 1, NULL, NULL, 0),
(3, '001', NULL, '2019-12-08', 1, NULL, NULL, 0);

-- --------------------------------------------------------

--
-- Table structure for table `ruang`
--

CREATE TABLE `ruang` (
  `id` int(11) NOT NULL,
  `kode_ruang` varchar(150) DEFAULT NULL,
  `nama` varchar(155) DEFAULT NULL,
  `createddate` date DEFAULT NULL,
  `createdby` int(11) DEFAULT NULL,
  `updateddate` datetime DEFAULT NULL,
  `updatedby` int(11) DEFAULT NULL,
  `deleted` int(11) DEFAULT '0'
) ENGINE=InnoDB DEFAULT CHARSET=latin1;

--
-- Dumping data for table `ruang`
--

INSERT INTO `ruang` (`id`, `kode_ruang`, `nama`, `createddate`, `createdby`, `updateddate`, `updatedby`, `deleted`) VALUES
(1, 'RU001', 'Ruang A', '2019-11-21', 1, NULL, NULL, 0),
(2, 'ruang', NULL, '2019-12-08', 1, NULL, NULL, 0),
(3, 'RPH', NULL, '2019-12-08', 1, NULL, NULL, 0);

-- --------------------------------------------------------

--
-- Table structure for table `status`
--

CREATE TABLE `status` (
  `id` int(11) NOT NULL,
  `status` varchar(100) DEFAULT NULL
) ENGINE=InnoDB DEFAULT CHARSET=latin1;

--
-- Dumping data for table `status`
--

INSERT INTO `status` (`id`, `status`) VALUES
(1, 'AKTIF'),
(2, 'NON AKTIF');

-- --------------------------------------------------------

--
-- Table structure for table `tahun`
--

CREATE TABLE `tahun` (
  `id` int(11) NOT NULL,
  `tahun` int(11) DEFAULT NULL,
  `deleted` int(11) DEFAULT '0',
  `createddate` date DEFAULT NULL,
  `createdby` int(11) DEFAULT NULL,
  `updateddate` datetime DEFAULT NULL,
  `updatedby` int(11) DEFAULT NULL
) ENGINE=InnoDB DEFAULT CHARSET=latin1;

--
-- Dumping data for table `tahun`
--

INSERT INTO `tahun` (`id`, `tahun`, `deleted`, `createddate`, `createdby`, `updateddate`, `updatedby`) VALUES
(1, 2016, 0, NULL, NULL, NULL, NULL),
(2, 2017, 0, NULL, NULL, NULL, NULL),
(3, 2018, 0, NULL, NULL, NULL, NULL),
(4, 2019, 0, NULL, NULL, NULL, NULL),
(5, 2020, 0, NULL, NULL, NULL, NULL),
(6, 2021, 0, NULL, NULL, NULL, NULL),
(7, 2022, 0, NULL, NULL, NULL, NULL),
(8, 0, 0, '2019-12-08', 1, NULL, NULL);

-- --------------------------------------------------------

--
-- Table structure for table `user`
--

CREATE TABLE `user` (
  `id` int(11) NOT NULL,
  `username` varchar(150) DEFAULT NULL,
  `password` varchar(150) DEFAULT NULL,
  `priveledge` int(11) NOT NULL,
  `createddate` date DEFAULT NULL,
  `createdby` int(11) DEFAULT NULL,
  `updateddate` datetime DEFAULT NULL,
  `updatedby` int(11) DEFAULT NULL,
  `deleted` int(11) DEFAULT '0'
) ENGINE=InnoDB DEFAULT CHARSET=latin1;

--
-- Dumping data for table `user`
--

INSERT INTO `user` (`id`, `username`, `password`, `priveledge`, `createddate`, `createdby`, `updateddate`, `updatedby`, `deleted`) VALUES
(1, 'admin', 'admin', 1, NULL, NULL, NULL, NULL, 0),
(2, 'dodik', 'sasuke', 2, '2019-12-02', 1, NULL, NULL, 0);

--
-- Indexes for dumped tables
--

--
-- Indexes for table `jenis_produk`
--
ALTER TABLE `jenis_produk`
  ADD PRIMARY KEY (`id`);

--
-- Indexes for table `lemari`
--
ALTER TABLE `lemari`
  ADD PRIMARY KEY (`id`);

--
-- Indexes for table `nomor_file`
--
ALTER TABLE `nomor_file`
  ADD PRIMARY KEY (`id`);

--
-- Indexes for table `penomoran_arsip`
--
ALTER TABLE `penomoran_arsip`
  ADD PRIMARY KEY (`id`,`produk`,`ruang`,`lemari`,`nomor_file`),
  ADD KEY `fk_penomoran_arsip_ruang1_idx` (`ruang`),
  ADD KEY `fk_penomoran_arsip_lemari1_idx` (`lemari`),
  ADD KEY `fk_penomoran_arsip_nomor_file1_idx` (`nomor_file`),
  ADD KEY `fk_penomoran_arsip_produk1_idx` (`produk`);

--
-- Indexes for table `priveledge`
--
ALTER TABLE `priveledge`
  ADD PRIMARY KEY (`id`);

--
-- Indexes for table `produk`
--
ALTER TABLE `produk`
  ADD PRIMARY KEY (`id`,`jenis_produk`,`tahun`,`status`),
  ADD KEY `fk_produk_jenis_produk1_idx` (`jenis_produk`),
  ADD KEY `fk_produk_tahun1_idx` (`tahun`),
  ADD KEY `fk_produk_status1_idx` (`status`);

--
-- Indexes for table `rak`
--
ALTER TABLE `rak`
  ADD PRIMARY KEY (`id`);

--
-- Indexes for table `ruang`
--
ALTER TABLE `ruang`
  ADD PRIMARY KEY (`id`);

--
-- Indexes for table `status`
--
ALTER TABLE `status`
  ADD PRIMARY KEY (`id`);

--
-- Indexes for table `tahun`
--
ALTER TABLE `tahun`
  ADD PRIMARY KEY (`id`);

--
-- Indexes for table `user`
--
ALTER TABLE `user`
  ADD PRIMARY KEY (`id`,`priveledge`),
  ADD KEY `fk_user_priveledge_idx` (`priveledge`);

--
-- AUTO_INCREMENT for dumped tables
--

--
-- AUTO_INCREMENT for table `jenis_produk`
--
ALTER TABLE `jenis_produk`
  MODIFY `id` int(11) NOT NULL AUTO_INCREMENT, AUTO_INCREMENT=7;

--
-- AUTO_INCREMENT for table `lemari`
--
ALTER TABLE `lemari`
  MODIFY `id` int(11) NOT NULL AUTO_INCREMENT, AUTO_INCREMENT=4;

--
-- AUTO_INCREMENT for table `nomor_file`
--
ALTER TABLE `nomor_file`
  MODIFY `id` int(11) NOT NULL AUTO_INCREMENT, AUTO_INCREMENT=2;

--
-- AUTO_INCREMENT for table `penomoran_arsip`
--
ALTER TABLE `penomoran_arsip`
  MODIFY `id` int(11) NOT NULL AUTO_INCREMENT, AUTO_INCREMENT=2;

--
-- AUTO_INCREMENT for table `priveledge`
--
ALTER TABLE `priveledge`
  MODIFY `id` int(11) NOT NULL AUTO_INCREMENT, AUTO_INCREMENT=3;

--
-- AUTO_INCREMENT for table `produk`
--
ALTER TABLE `produk`
  MODIFY `id` int(11) NOT NULL AUTO_INCREMENT, AUTO_INCREMENT=168;

--
-- AUTO_INCREMENT for table `rak`
--
ALTER TABLE `rak`
  MODIFY `id` int(11) NOT NULL AUTO_INCREMENT, AUTO_INCREMENT=4;

--
-- AUTO_INCREMENT for table `ruang`
--
ALTER TABLE `ruang`
  MODIFY `id` int(11) NOT NULL AUTO_INCREMENT, AUTO_INCREMENT=4;

--
-- AUTO_INCREMENT for table `status`
--
ALTER TABLE `status`
  MODIFY `id` int(11) NOT NULL AUTO_INCREMENT, AUTO_INCREMENT=3;

--
-- AUTO_INCREMENT for table `tahun`
--
ALTER TABLE `tahun`
  MODIFY `id` int(11) NOT NULL AUTO_INCREMENT, AUTO_INCREMENT=9;

--
-- AUTO_INCREMENT for table `user`
--
ALTER TABLE `user`
  MODIFY `id` int(11) NOT NULL AUTO_INCREMENT, AUTO_INCREMENT=3;

--
-- Constraints for dumped tables
--

--
-- Constraints for table `penomoran_arsip`
--
ALTER TABLE `penomoran_arsip`
  ADD CONSTRAINT `fk_penomoran_arsip_lemari1` FOREIGN KEY (`lemari`) REFERENCES `lemari` (`id`) ON DELETE NO ACTION ON UPDATE NO ACTION,
  ADD CONSTRAINT `fk_penomoran_arsip_nomor_file1` FOREIGN KEY (`nomor_file`) REFERENCES `nomor_file` (`id`) ON DELETE NO ACTION ON UPDATE NO ACTION,
  ADD CONSTRAINT `fk_penomoran_arsip_produk1` FOREIGN KEY (`produk`) REFERENCES `produk` (`id`) ON DELETE NO ACTION ON UPDATE NO ACTION,
  ADD CONSTRAINT `fk_penomoran_arsip_ruang1` FOREIGN KEY (`ruang`) REFERENCES `ruang` (`id`) ON DELETE NO ACTION ON UPDATE NO ACTION;

--
-- Constraints for table `produk`
--
ALTER TABLE `produk`
  ADD CONSTRAINT `fk_produk_jenis_produk1` FOREIGN KEY (`jenis_produk`) REFERENCES `jenis_produk` (`id`) ON DELETE NO ACTION ON UPDATE NO ACTION,
  ADD CONSTRAINT `fk_produk_status1` FOREIGN KEY (`status`) REFERENCES `status` (`id`) ON DELETE NO ACTION ON UPDATE NO ACTION,
  ADD CONSTRAINT `fk_produk_tahun1` FOREIGN KEY (`tahun`) REFERENCES `tahun` (`id`) ON DELETE NO ACTION ON UPDATE NO ACTION;

--
-- Constraints for table `user`
--
ALTER TABLE `user`
  ADD CONSTRAINT `fk_user_priveledge` FOREIGN KEY (`priveledge`) REFERENCES `priveledge` (`id`) ON DELETE NO ACTION ON UPDATE NO ACTION;
COMMIT;

/*!40101 SET CHARACTER_SET_CLIENT=@OLD_CHARACTER_SET_CLIENT */;
/*!40101 SET CHARACTER_SET_RESULTS=@OLD_CHARACTER_SET_RESULTS */;
/*!40101 SET COLLATION_CONNECTION=@OLD_COLLATION_CONNECTION */;
